name,version,license,classification,direct_dependency,integrity,resolved
papaparse,5.5.3,MIT,production,yes,sha512-5QvjGxYVjxO59MGU2lHVYpRWBBtKHnlIAcSe1uNFCkkptUh63NFRj0FJQm7nR67puEruUci/ZkjmEFrjCAyP4A==,https://registry.npmjs.org/papaparse/-/papaparse-5.5.3.tgz
postgres,3.4.8,Unlicense,production,yes,sha512-d+JFcLM17njZaOLkv6SCev7uoLaBtfK86vMUXhW1Z4glPWh4jozno9APvW/XKFJ3CCxVoC7OL38BqRydtu5nGg==,https://registry.npmjs.org/postgres/-/postgres-3.4.8.tgz
@esbuild/aix-ppc64,0.27.4,MIT,development,no,sha512-cQPwL2mp2nSmHHJlCyoXgHGhbEPMrEEU5xhkcy3Hs/O7nGZqEpZ2sUtLaL9MORLtDfRvVl2/3PAuEkYZH0Ty8Q==,https://registry.npmjs.org/@esbuild/aix-ppc64/-/aix-ppc64-0.27.4.tgz
@esbuild/aix-ppc64,0.27.4,MIT,development,no,sha512-cQPwL2mp2nSmHHJlCyoXgHGhbEPMrEEU5xhkcy3Hs/O7nGZqEpZ2sUtLaL9MORLtDfRvVl2/3PAuEkYZH0Ty8Q==,https://registry.npmjs.org/@esbuild/aix-ppc64/-/aix-ppc64-0.27.4.tgz
@esbuild/android-arm,0.27.4,MIT,development,no,sha512-X9bUgvxiC8CHAGKYufLIHGXPJWnr0OCdR0anD2e21vdvgCI8lIfqFbnoeOz7lBjdrAGUhqLZLcQo6MLhTO2DKQ==,https://registry.npmjs.org/@esbuild/android-arm/-/android-arm-0.27.4.tgz
@esbuild/android-arm,0.27.4,MIT,development,no,sha512-X9bUgvxiC8CHAGKYufLIHGXPJWnr0OCdR0anD2e21vdvgCI8lIfqFbnoeOz7lBjdrAGUhqLZLcQo6MLhTO2DKQ==,https://registry.npmjs.org/@esbuild/android-arm/-/android-arm-0.27.4.tgz
@esbuild/android-arm64,0.27.4,MIT,development,no,sha512-gdLscB7v75wRfu7QSm/zg6Rx29VLdy9eTr2t44sfTW7CxwAtQghZ4ZnqHk3/ogz7xao0QAgrkradbBzcqFPasw==,https://registry.npmjs.org/@esbuild/android-arm64/-/android-arm64-0.27.4.tgz
@esbuild/android-arm64,0.27.4,MIT,development,no,sha512-gdLscB7v75wRfu7QSm/zg6Rx29VLdy9eTr2t44sfTW7CxwAtQghZ4ZnqHk3/ogz7xao0QAgrkradbBzcqFPasw==,https://registry.npmjs.org/@esbuild/android-arm64/-/android-arm64-0.27.4.tgz
@esbuild/android-x64,0.27.4,MIT,development,no,sha512-PzPFnBNVF292sfpfhiyiXCGSn9HZg5BcAz+ivBuSsl6Rk4ga1oEXAamhOXRFyMcjwr2DVtm40G65N3GLeH1Lvw==,https://registry.npmjs.org/@esbuild/android-x64/-/android-x64-0.27.4.tgz
@esbuild/android-x64,0.27.4,MIT,development,no,sha512-PzPFnBNVF292sfpfhiyiXCGSn9HZg5BcAz+ivBuSsl6Rk4ga1oEXAamhOXRFyMcjwr2DVtm40G65N3GLeH1Lvw==,https://registry.npmjs.org/@esbuild/android-x64/-/android-x64-0.27.4.tgz
@esbuild/darwin-arm64,0.27.4,MIT,development,no,sha512-b7xaGIwdJlht8ZFCvMkpDN6uiSmnxxK56N2GDTMYPr2/gzvfdQN8rTfBsvVKmIVY/X7EM+/hJKEIbbHs9oA4tQ==,https://registry.npmjs.org/@esbuild/darwin-arm64/-/darwin-arm64-0.27.4.tgz
@esbuild/darwin-arm64,0.27.4,MIT,development,no,sha512-b7xaGIwdJlht8ZFCvMkpDN6uiSmnxxK56N2GDTMYPr2/gzvfdQN8rTfBsvVKmIVY/X7EM+/hJKEIbbHs9oA4tQ==,https://registry.npmjs.org/@esbuild/darwin-arm64/-/darwin-arm64-0.27.4.tgz
@esbuild/darwin-x64,0.27.4,MIT,development,no,sha512-sR+OiKLwd15nmCdqpXMnuJ9W2kpy0KigzqScqHI3Hqwr7IXxBp3Yva+yJwoqh7rE8V77tdoheRYataNKL4QrPw==,https://registry.npmjs.org/@esbuild/darwin-x64/-/darwin-x64-0.27.4.tgz
@esbuild/darwin-x64,0.27.4,MIT,development,no,sha512-sR+OiKLwd15nmCdqpXMnuJ9W2kpy0KigzqScqHI3Hqwr7IXxBp3Yva+yJwoqh7rE8V77tdoheRYataNKL4QrPw==,https://registry.npmjs.org/@esbuild/darwin-x64/-/darwin-x64-0.27.4.tgz
@esbuild/freebsd-arm64,0.27.4,MIT,development,no,sha512-jnfpKe+p79tCnm4GVav68A7tUFeKQwQyLgESwEAUzyxk/TJr4QdGog9sqWNcUbr/bZt/O/HXouspuQDd9JxFSw==,https://registry.npmjs.org/@esbuild/freebsd-arm64/-/freebsd-arm64-0.27.4.tgz
@esbuild/freebsd-arm64,0.27.4,MIT,development,no,sha512-jnfpKe+p79tCnm4GVav68A7tUFeKQwQyLgESwEAUzyxk/TJr4QdGog9sqWNcUbr/bZt/O/HXouspuQDd9JxFSw==,https://registry.npmjs.org/@esbuild/freebsd-arm64/-/freebsd-arm64-0.27.4.tgz
@esbuild/freebsd-x64,0.27.4,MIT,development,no,sha512-2kb4ceA/CpfUrIcTUl1wrP/9ad9Atrp5J94Lq69w7UwOMolPIGrfLSvAKJp0RTvkPPyn6CIWrNy13kyLikZRZQ==,https://registry.npmjs.org/@esbuild/freebsd-x64/-/freebsd-x64-0.27.4.tgz
@esbuild/freebsd-x64,0.27.4,MIT,development,no,sha512-2kb4ceA/CpfUrIcTUl1wrP/9ad9Atrp5J94Lq69w7UwOMolPIGrfLSvAKJp0RTvkPPyn6CIWrNy13kyLikZRZQ==,https://registry.npmjs.org/@esbuild/freebsd-x64/-/freebsd-x64-0.27.4.tgz
@esbuild/linux-arm,0.27.4,MIT,development,no,sha512-aBYgcIxX/wd5n2ys0yESGeYMGF+pv6g0DhZr3G1ZG4jMfruU9Tl1i2Z+Wnj9/KjGz1lTLCcorqE2viePZqj4Eg==,https://registry.npmjs.org/@esbuild/linux-arm/-/linux-arm-0.27.4.tgz
@esbuild/linux-arm,0.27.4,MIT,development,no,sha512-aBYgcIxX/wd5n2ys0yESGeYMGF+pv6g0DhZr3G1ZG4jMfruU9Tl1i2Z+Wnj9/KjGz1lTLCcorqE2viePZqj4Eg==,https://registry.npmjs.org/@esbuild/linux-arm/-/linux-arm-0.27.4.tgz
@esbuild/linux-arm64,0.27.4,MIT,development,no,sha512-7nQOttdzVGth1iz57kxg9uCz57dxQLHWxopL6mYuYthohPKEK0vU0C3O21CcBK6KDlkYVcnDXY099HcCDXd9dA==,https://registry.npmjs.org/@esbuild/linux-arm64/-/linux-arm64-0.27.4.tgz
@esbuild/linux-arm64,0.27.4,MIT,development,no,sha512-7nQOttdzVGth1iz57kxg9uCz57dxQLHWxopL6mYuYthohPKEK0vU0C3O21CcBK6KDlkYVcnDXY099HcCDXd9dA==,https://registry.npmjs.org/@esbuild/linux-arm64/-/linux-arm64-0.27.4.tgz
@esbuild/linux-ia32,0.27.4,MIT,development,no,sha512-oPtixtAIzgvzYcKBQM/qZ3R+9TEUd1aNJQu0HhGyqtx6oS7qTpvjheIWBbes4+qu1bNlo2V4cbkISr8q6gRBFA==,https://registry.npmjs.org/@esbuild/linux-ia32/-/linux-ia32-0.27.4.tgz
@esbuild/linux-ia32,0.27.4,MIT,development,no,sha512-oPtixtAIzgvzYcKBQM/qZ3R+9TEUd1aNJQu0HhGyqtx6oS7qTpvjheIWBbes4+qu1bNlo2V4cbkISr8q6gRBFA==,https://registry.npmjs.org/@esbuild/linux-ia32/-/linux-ia32-0.27.4.tgz
@esbuild/linux-loong64,0.27.4,MIT,development,no,sha512-8mL/vh8qeCoRcFH2nM8wm5uJP+ZcVYGGayMavi8GmRJjuI3g1v6Z7Ni0JJKAJW+m0EtUuARb6Lmp4hMjzCBWzA==,https://registry.npmjs.org/@esbuild/linux-loong64/-/linux-loong64-0.27.4.tgz
@esbuild/linux-loong64,0.27.4,MIT,development,no,sha512-8mL/vh8qeCoRcFH2nM8wm5uJP+ZcVYGGayMavi8GmRJjuI3g1v6Z7Ni0JJKAJW+m0EtUuARb6Lmp4hMjzCBWzA==,https://registry.npmjs.org/@esbuild/linux-loong64/-/linux-loong64-0.27.4.tgz
@esbuild/linux-mips64el,0.27.4,MIT,development,no,sha512-1RdrWFFiiLIW7LQq9Q2NES+HiD4NyT8Itj9AUeCl0IVCA459WnPhREKgwrpaIfTOe+/2rdntisegiPWn/r/aAw==,https://registry.npmjs.org/@esbuild/linux-mips64el/-/linux-mips64el-0.27.4.tgz
@esbuild/linux-mips64el,0.27.4,MIT,development,no,sha512-1RdrWFFiiLIW7LQq9Q2NES+HiD4NyT8Itj9AUeCl0IVCA459WnPhREKgwrpaIfTOe+/2rdntisegiPWn/r/aAw==,https://registry.npmjs.org/@esbuild/linux-mips64el/-/linux-mips64el-0.27.4.tgz
@esbuild/linux-ppc64,0.27.4,MIT,development,no,sha512-tLCwNG47l3sd9lpfyx9LAGEGItCUeRCWeAx6x2Jmbav65nAwoPXfewtAdtbtit/pJFLUWOhpv0FpS6GQAmPrHA==,https://registry.npmjs.org/@esbuild/linux-ppc64/-/linux-ppc64-0.27.4.tgz
@esbuild/linux-ppc64,0.27.4,MIT,development,no,sha512-tLCwNG47l3sd9lpfyx9LAGEGItCUeRCWeAx6x2Jmbav65nAwoPXfewtAdtbtit/pJFLUWOhpv0FpS6GQAmPrHA==,https://registry.npmjs.org/@esbuild/linux-ppc64/-/linux-ppc64-0.27.4.tgz
@esbuild/linux-riscv64,0.27.4,MIT,development,no,sha512-BnASypppbUWyqjd1KIpU4AUBiIhVr6YlHx/cnPgqEkNoVOhHg+YiSVxM1RLfiy4t9cAulbRGTNCKOcqHrEQLIw==,https://registry.npmjs.org/@esbuild/linux-riscv64/-/linux-riscv64-0.27.4.tgz
@esbuild/linux-riscv64,0.27.4,MIT,development,no,sha512-BnASypppbUWyqjd1KIpU4AUBiIhVr6YlHx/cnPgqEkNoVOhHg+YiSVxM1RLfiy4t9cAulbRGTNCKOcqHrEQLIw==,https://registry.npmjs.org/@esbuild/linux-riscv64/-/linux-riscv64-0.27.4.tgz
@esbuild/linux-s390x,0.27.4,MIT,development,no,sha512-+eUqgb/Z7vxVLezG8bVB9SfBie89gMueS+I0xYh2tJdw3vqA/0ImZJ2ROeWwVJN59ihBeZ7Tu92dF/5dy5FttA==,https://registry.npmjs.org/@esbuild/linux-s390x/-/linux-s390x-0.27.4.tgz
@esbuild/linux-s390x,0.27.4,MIT,development,no,sha512-+eUqgb/Z7vxVLezG8bVB9SfBie89gMueS+I0xYh2tJdw3vqA/0ImZJ2ROeWwVJN59ihBeZ7Tu92dF/5dy5FttA==,https://registry.npmjs.org/@esbuild/linux-s390x/-/linux-s390x-0.27.4.tgz
@esbuild/linux-x64,0.27.4,MIT,development,no,sha512-S5qOXrKV8BQEzJPVxAwnryi2+Iq5pB40gTEIT69BQONqR7JH1EPIcQ/Uiv9mCnn05jff9umq/5nqzxlqTOg9NA==,https://registry.npmjs.org/@esbuild/linux-x64/-/linux-x64-0.27.4.tgz
@esbuild/linux-x64,0.27.4,MIT,development,no,sha512-S5qOXrKV8BQEzJPVxAwnryi2+Iq5pB40gTEIT69BQONqR7JH1EPIcQ/Uiv9mCnn05jff9umq/5nqzxlqTOg9NA==,https://registry.npmjs.org/@esbuild/linux-x64/-/linux-x64-0.27.4.tgz
@esbuild/netbsd-arm64,0.27.4,MIT,development,no,sha512-xHT8X4sb0GS8qTqiwzHqpY00C95DPAq7nAwX35Ie/s+LO9830hrMd3oX0ZMKLvy7vsonee73x0lmcdOVXFzd6Q==,https://registry.npmjs.org/@esbuild/netbsd-arm64/-/netbsd-arm64-0.27.4.tgz
@esbuild/netbsd-arm64,0.27.4,MIT,development,no,sha512-xHT8X4sb0GS8qTqiwzHqpY00C95DPAq7nAwX35Ie/s+LO9830hrMd3oX0ZMKLvy7vsonee73x0lmcdOVXFzd6Q==,https://registry.npmjs.org/@esbuild/netbsd-arm64/-/netbsd-arm64-0.27.4.tgz
@esbuild/netbsd-x64,0.27.4,MIT,development,no,sha512-RugOvOdXfdyi5Tyv40kgQnI0byv66BFgAqjdgtAKqHoZTbTF2QqfQrFwa7cHEORJf6X2ht+l9ABLMP0dnKYsgg==,https://registry.npmjs.org/@esbuild/netbsd-x64/-/netbsd-x64-0.27.4.tgz
@esbuild/netbsd-x64,0.27.4,MIT,development,no,sha512-RugOvOdXfdyi5Tyv40kgQnI0byv66BFgAqjdgtAKqHoZTbTF2QqfQrFwa7cHEORJf6X2ht+l9ABLMP0dnKYsgg==,https://registry.npmjs.org/@esbuild/netbsd-x64/-/netbsd-x64-0.27.4.tgz
@esbuild/openbsd-arm64,0.27.4,MIT,development,no,sha512-2MyL3IAaTX+1/qP0O1SwskwcwCoOI4kV2IBX1xYnDDqthmq5ArrW94qSIKCAuRraMgPOmG0RDTA74mzYNQA9ow==,https://registry.npmjs.org/@esbuild/openbsd-arm64/-/openbsd-arm64-0.27.4.tgz
@esbuild/openbsd-arm64,0.27.4,MIT,development,no,sha512-2MyL3IAaTX+1/qP0O1SwskwcwCoOI4kV2IBX1xYnDDqthmq5ArrW94qSIKCAuRraMgPOmG0RDTA74mzYNQA9ow==,https://registry.npmjs.org/@esbuild/openbsd-arm64/-/openbsd-arm64-0.27.4.tgz
@esbuild/openbsd-x64,0.27.4,MIT,development,no,sha512-u8fg/jQ5aQDfsnIV6+KwLOf1CmJnfu1ShpwqdwC0uA7ZPwFws55Ngc12vBdeUdnuWoQYx/SOQLGDcdlfXhYmXQ==,https://registry.npmjs.org/@esbuild/openbsd-x64/-/openbsd-x64-0.27.4.tgz
@esbuild/openbsd-x64,0.27.4,MIT,development,no,sha512-u8fg/jQ5aQDfsnIV6+KwLOf1CmJnfu1ShpwqdwC0uA7ZPwFws55Ngc12vBdeUdnuWoQYx/SOQLGDcdlfXhYmXQ==,https://registry.npmjs.org/@esbuild/openbsd-x64/-/openbsd-x64-0.27.4.tgz
@esbuild/openharmony-arm64,0.27.4,MIT,development,no,sha512-JkTZrl6VbyO8lDQO3yv26nNr2RM2yZzNrNHEsj9bm6dOwwu9OYN28CjzZkH57bh4w0I2F7IodpQvUAEd1mbWXg==,https://registry.npmjs.org/@esbuild/openharmony-arm64/-/openharmony-arm64-0.27.4.tgz
@esbuild/openharmony-arm64,0.27.4,MIT,development,no,sha512-JkTZrl6VbyO8lDQO3yv26nNr2RM2yZzNrNHEsj9bm6dOwwu9OYN28CjzZkH57bh4w0I2F7IodpQvUAEd1mbWXg==,https://registry.npmjs.org/@esbuild/openharmony-arm64/-/openharmony-arm64-0.27.4.tgz
@esbuild/sunos-x64,0.27.4,MIT,development,no,sha512-/gOzgaewZJfeJTlsWhvUEmUG4tWEY2Spp5M20INYRg2ZKl9QPO3QEEgPeRtLjEWSW8FilRNacPOg8R1uaYkA6g==,https://registry.npmjs.org/@esbuild/sunos-x64/-/sunos-x64-0.27.4.tgz
@esbuild/sunos-x64,0.27.4,MIT,development,no,sha512-/gOzgaewZJfeJTlsWhvUEmUG4tWEY2Spp5M20INYRg2ZKl9QPO3QEEgPeRtLjEWSW8FilRNacPOg8R1uaYkA6g==,https://registry.npmjs.org/@esbuild/sunos-x64/-/sunos-x64-0.27.4.tgz
@esbuild/win32-arm64,0.27.4,MIT,development,no,sha512-Z9SExBg2y32smoDQdf1HRwHRt6vAHLXcxD2uGgO/v2jK7Y718Ix4ndsbNMU/+1Qiem9OiOdaqitioZwxivhXYg==,https://registry.npmjs.org/@esbuild/win32-arm64/-/win32-arm64-0.27.4.tgz
@esbuild/win32-arm64,0.27.4,MIT,development,no,sha512-Z9SExBg2y32smoDQdf1HRwHRt6vAHLXcxD2uGgO/v2jK7Y718Ix4ndsbNMU/+1Qiem9OiOdaqitioZwxivhXYg==,https://registry.npmjs.org/@esbuild/win32-arm64/-/win32-arm64-0.27.4.tgz
@esbuild/win32-ia32,0.27.4,MIT,development,no,sha512-DAyGLS0Jz5G5iixEbMHi5KdiApqHBWMGzTtMiJ72ZOLhbu/bzxgAe8Ue8CTS3n3HbIUHQz/L51yMdGMeoxXNJw==,https://registry.npmjs.org/@esbuild/win32-ia32/-/win32-ia32-0.27.4.tgz
@esbuild/win32-ia32,0.27.4,MIT,development,no,sha512-DAyGLS0Jz5G5iixEbMHi5KdiApqHBWMGzTtMiJ72ZOLhbu/bzxgAe8Ue8CTS3n3HbIUHQz/L51yMdGMeoxXNJw==,https://registry.npmjs.org/@esbuild/win32-ia32/-/win32-ia32-0.27.4.tgz
@esbuild/win32-x64,0.27.4,MIT,development,no,sha512-+knoa0BDoeXgkNvvV1vvbZX4+hizelrkwmGJBdT17t8FNPwG2lKemmuMZlmaNQ3ws3DKKCxpb4zRZEIp3UxFCg==,https://registry.npmjs.org/@esbuild/win32-x64/-/win32-x64-0.27.4.tgz
@esbuild/win32-x64,0.27.4,MIT,development,no,sha512-+knoa0BDoeXgkNvvV1vvbZX4+hizelrkwmGJBdT17t8FNPwG2lKemmuMZlmaNQ3ws3DKKCxpb4zRZEIp3UxFCg==,https://registry.npmjs.org/@esbuild/win32-x64/-/win32-x64-0.27.4.tgz
@eslint-community/eslint-utils,4.9.1,MIT,development,no,sha512-phrYmNiYppR7znFEdqgfWHXR6NCkZEK7hwWDHZUjit/2/U0r6XvkDl0SYnoM51Hq7FhCGdLDT6zxCCOY1hexsQ==,https://registry.npmjs.org/@eslint-community/eslint-utils/-/eslint-utils-4.9.1.tgz
@eslint-community/regexpp,4.12.2,MIT,development,no,sha512-EriSTlt5OC9/7SXkRSCAhfSxxoSUgBm33OH+IkwbdpgoqsSsUg7y3uh+IICI/Qg4BBWr3U2i39RpmycbxMq4ew==,https://registry.npmjs.org/@eslint-community/regexpp/-/regexpp-4.12.2.tgz
@eslint/compat,2.0.3,Apache-2.0,development,yes,sha512-SjIJhGigp8hmd1YGIBwh7Ovri7Kisl42GYFjrOyHhtfYGGoLW6teYi/5p8W50KSsawUPpuLOSmsq1bD0NGQLBw==,https://registry.npmjs.org/@eslint/compat/-/compat-2.0.3.tgz
@eslint/config-array,0.23.3,Apache-2.0,development,no,sha512-j+eEWmB6YYLwcNOdlwQ6L2OsptI/LO6lNBuLIqe5R7RetD658HLoF+Mn7LzYmAWWNNzdC6cqP+L6r8ujeYXWLw==,https://registry.npmjs.org/@eslint/config-array/-/config-array-0.23.3.tgz
@eslint/config-helpers,0.5.3,Apache-2.0,development,no,sha512-lzGN0onllOZCGroKJmRwY6QcEHxbjBw1gwB8SgRSqK8YbbtEXMvKynsXc3553ckIEBxsbMBU7oOZXKIPGZNeZw==,https://registry.npmjs.org/@eslint/config-helpers/-/config-helpers-0.5.3.tgz
@eslint/core,1.1.1,Apache-2.0,development,no,sha512-QUPblTtE51/7/Zhfv8BDwO0qkkzQL7P/aWWbqcf4xWLEYn1oKjdO0gglQBB4GAsu7u6wjijbCmzsUTy6mnk6oQ==,https://registry.npmjs.org/@eslint/core/-/core-1.1.1.tgz
@eslint/js,10.0.1,MIT,development,yes,sha512-zeR9k5pd4gxjZ0abRoIaxdc7I3nDktoXZk2qOv9gCNWx3mVwEn32VRhyLaRsDiJjTs0xq/T8mfPtyuXu7GWBcA==,https://registry.npmjs.org/@eslint/js/-/js-10.0.1.tgz
@eslint/object-schema,3.0.3,Apache-2.0,development,no,sha512-iM869Pugn9Nsxbh/YHRqYiqd23AmIbxJOcpUMOuWCVNdoQJ5ZtwL6h3t0bcZzJUlC3Dq9jCFCESBZnX0GTv7iQ==,https://registry.npmjs.org/@eslint/object-schema/-/object-schema-3.0.3.tgz
@eslint/plugin-kit,0.6.1,Apache-2.0,development,no,sha512-iH1B076HoAshH1mLpHMgwdGeTs0CYwL0SPMkGuSebZrwBp16v415e9NZXg2jtrqPVQjf6IANe2Vtlr5KswtcZQ==,https://registry.npmjs.org/@eslint/plugin-kit/-/plugin-kit-0.6.1.tgz
@humanfs/core,0.19.1,Apache-2.0,development,no,sha512-5DyQ4+1JEUzejeK1JGICcideyfUbGixgS9jNgex5nqkW+cY7WZhxBigmieN5Qnw9ZosSNVC9KQKyb+GUaGyKUA==,https://registry.npmjs.org/@humanfs/core/-/core-0.19.1.tgz
@humanfs/node,0.16.7,Apache-2.0,development,no,sha512-/zUx+yOsIrG4Y43Eh2peDeKCxlRt/gET6aHfaKpuq267qXdYDFViVHfMaLyygZOnl0kGWxFIgsBy8QFuTLUXEQ==,https://registry.npmjs.org/@humanfs/node/-/node-0.16.7.tgz
@humanwhocodes/module-importer,1.0.1,Apache-2.0,development,no,sha512-bxveV4V8v5Yb4ncFTT3rPSgZBOpCkjfK0y4oVVVJwIuDVBRMDXrPyXRL988i5ap9m9bnyEEjWfm5WkBmtffLfA==,https://registry.npmjs.org/@humanwhocodes/module-importer/-/module-importer-1.0.1.tgz
@humanwhocodes/retry,0.4.3,Apache-2.0,development,no,sha512-bV0Tgo9K4hfPCek+aMAn81RppFKv2ySDQeMoSZuvTASywNTnVJCArCZE2FWqpvIatKu7VMRLWlR1EazvVhDyhQ==,https://registry.npmjs.org/@humanwhocodes/retry/-/retry-0.4.3.tgz
@jridgewell/gen-mapping,0.3.13,MIT,development,no,sha512-2kkt/7niJ6MgEPxF0bYdQ6etZaA+fQvDcLKckhy1yIQOzaoKjBBjSj63/aLVjYE3qhRt5dvM+uUyfCg6UKCBbA==,https://registry.npmjs.org/@jridgewell/gen-mapping/-/gen-mapping-0.3.13.tgz
@jridgewell/remapping,2.3.5,MIT,development,no,sha512-LI9u/+laYG4Ds1TDKSJW2YPrIlcVYOwi2fUC6xB43lueCjgxV4lffOCZCtYFiH6TNOX+tQKXx97T4IKHbhyHEQ==,https://registry.npmjs.org/@jridgewell/remapping/-/remapping-2.3.5.tgz
@jridgewell/resolve-uri,3.1.2,MIT,development,no,sha512-bRISgCIjP20/tbWSPWMEi54QVPRZExkuD9lJL+UIxUKtwVJA8wW1Trb1jMs1RFXo1CBTNZ/5hpC9QvmKWdopKw==,https://registry.npmjs.org/@jridgewell/resolve-uri/-/resolve-uri-3.1.2.tgz
@jridgewell/sourcemap-codec,1.5.5,MIT,development,no,sha512-cYQ9310grqxueWbl+WuIUIaiUaDcj7WOq5fVhEljNVgRfOUhY9fy2zTvfoqWsnebh8Sl70VScFbICvJnLKB0Og==,https://registry.npmjs.org/@jridgewell/sourcemap-codec/-/sourcemap-codec-1.5.5.tgz
@jridgewell/trace-mapping,0.3.31,MIT,development,no,sha512-zzNR+SdQSDJzc8joaeP8QQoCQr8NuYx2dIIytl1QeBEZHJ9uW6hebsrYgbz8hJwUQao3TWCMtmfV8Nu1twOLAw==,https://registry.npmjs.org/@jridgewell/trace-mapping/-/trace-mapping-0.3.31.tgz
@polka/url,1.0.0-next.29,MIT,development,no,sha512-wwQAWhWSuHaag8c4q/KN/vCoeOJYshAIvMQwD4GpSb3OiZklFfvAgmj0VCBBImRpuF/aFgIRzllXlVX93Jevww==,https://registry.npmjs.org/@polka/url/-/url-1.0.0-next.29.tgz
@rollup/plugin-commonjs,29.0.2,MIT,development,no,sha512-S/ggWH1LU7jTyi9DxZOKyxpVd4hF/OZ0JrEbeLjXk/DFXwRny0tjD2c992zOUYQobLrVkRVMDdmHP16HKP7GRg==,https://registry.npmjs.org/@rollup/plugin-commonjs/-/plugin-commonjs-29.0.2.tgz
@rollup/plugin-json,6.1.0,MIT,development,no,sha512-EGI2te5ENk1coGeADSIwZ7G2Q8CJS2sF120T7jLw4xFw9n7wIOXHo+kIYRAoVpJAN+kmqZSoO3Fp4JtoNF4ReA==,https://registry.npmjs.org/@rollup/plugin-json/-/plugin-json-6.1.0.tgz
@rollup/plugin-node-resolve,16.0.3,MIT,development,no,sha512-lUYM3UBGuM93CnMPG1YocWu7X802BrNF3jW2zny5gQyLQgRFJhV1Sq0Zi74+dh/6NBx1DxFC4b4GXg9wUCG5Qg==,https://registry.npmjs.org/@rollup/plugin-node-resolve/-/plugin-node-resolve-16.0.3.tgz
@rollup/pluginutils,5.3.0,MIT,development,no,sha512-5EdhGZtnu3V88ces7s53hhfK5KSASnJZv8Lulpc04cWO3REESroJXg73DFsOmgbU2BhwV0E20bu2IDZb3VKW4Q==,https://registry.npmjs.org/@rollup/pluginutils/-/pluginutils-5.3.0.tgz
@rollup/rollup-android-arm-eabi,4.60.0,MIT,development,no,sha512-WOhNW9K8bR3kf4zLxbfg6Pxu2ybOUbB2AjMDHSQx86LIF4rH4Ft7vmMwNt0loO0eonglSNy4cpD3MKXXKQu0/A==,https://registry.npmjs.org/@rollup/rollup-android-arm-eabi/-/rollup-android-arm-eabi-4.60.0.tgz
@rollup/rollup-android-arm64,4.60.0,MIT,development,no,sha512-u6JHLll5QKRvjciE78bQXDmqRqNs5M/3GVqZeMwvmjaNODJih/WIrJlFVEihvV0MiYFmd+ZyPr9wxOVbPAG2Iw==,https://registry.npmjs.org/@rollup/rollup-android-arm64/-/rollup-android-arm64-4.60.0.tgz
@rollup/rollup-darwin-arm64,4.60.0,MIT,development,no,sha512-qEF7CsKKzSRc20Ciu2Zw1wRrBz4g56F7r/vRwY430UPp/nt1x21Q/fpJ9N5l47WWvJlkNCPJz3QRVw008fi7yA==,https://registry.npmjs.org/@rollup/rollup-darwin-arm64/-/rollup-darwin-arm64-4.60.0.tgz
@rollup/rollup-darwin-x64,4.60.0,MIT,development,no,sha512-WADYozJ4QCnXCH4wPB+3FuGmDPoFseVCUrANmA5LWwGmC6FL14BWC7pcq+FstOZv3baGX65tZ378uT6WG8ynTw==,https://registry.npmjs.org/@rollup/rollup-darwin-x64/-/rollup-darwin-x64-4.60.0.tgz
@rollup/rollup-freebsd-arm64,4.60.0,MIT,development,no,sha512-6b8wGHJlDrGeSE3aH5mGNHBjA0TTkxdoNHik5EkvPHCt351XnigA4pS7Wsj/Eo9Y8RBU6f35cjN9SYmCFBtzxw==,https://registry.npmjs.org/@rollup/rollup-freebsd-arm64/-/rollup-freebsd-arm64-4.60.0.tgz
@rollup/rollup-freebsd-x64,4.60.0,MIT,development,no,sha512-h25Ga0t4jaylMB8M/JKAyrvvfxGRjnPQIR8lnCayyzEjEOx2EJIlIiMbhpWxDRKGKF8jbNH01NnN663dH638mA==,https://registry.npmjs.org/@rollup/rollup-freebsd-x64/-/rollup-freebsd-x64-4.60.0.tgz
@rollup/rollup-linux-arm-gnueabihf,4.60.0,MIT,development,no,sha512-RzeBwv0B3qtVBWtcuABtSuCzToo2IEAIQrcyB/b2zMvBWVbjo8bZDjACUpnaafaxhTw2W+imQbP2BD1usasK4g==,https://registry.npmjs.org/@rollup/rollup-linux-arm-gnueabihf/-/rollup-linux-arm-gnueabihf-4.60.0.tgz
@rollup/rollup-linux-arm-musleabihf,4.60.0,MIT,development,no,sha512-Sf7zusNI2CIU1HLzuu9Tc5YGAHEZs5Lu7N1ssJG4Tkw6e0MEsN7NdjUDDfGNHy2IU+ENyWT+L2obgWiguWibWQ==,https://registry.npmjs.org/@rollup/rollup-linux-arm-musleabihf/-/rollup-linux-arm-musleabihf-4.60.0.tgz
@rollup/rollup-linux-arm64-gnu,4.60.0,MIT,development,no,sha512-DX2x7CMcrJzsE91q7/O02IJQ5/aLkVtYFryqCjduJhUfGKG6yJV8hxaw8pZa93lLEpPTP/ohdN4wFz7yp/ry9A==,https://registry.npmjs.org/@rollup/rollup-linux-arm64-gnu/-/rollup-linux-arm64-gnu-4.60.0.tgz
@rollup/rollup-linux-arm64-musl,4.60.0,MIT,development,no,sha512-09EL+yFVbJZlhcQfShpswwRZ0Rg+z/CsSELFCnPt3iK+iqwGsI4zht3secj5vLEs957QvFFXnzAT0FFPIxSrkQ==,https://registry.npmjs.org/@rollup/rollup-linux-arm64-musl/-/rollup-linux-arm64-musl-4.60.0.tgz
@rollup/rollup-linux-loong64-gnu,4.60.0,MIT,development,no,sha512-i9IcCMPr3EXm8EQg5jnja0Zyc1iFxJjZWlb4wr7U2Wx/GrddOuEafxRdMPRYVaXjgbhvqalp6np07hN1w9kAKw==,https://registry.npmjs.org/@rollup/rollup-linux-loong64-gnu/-/rollup-linux-loong64-gnu-4.60.0.tgz
@rollup/rollup-linux-loong64-musl,4.60.0,MIT,development,no,sha512-DGzdJK9kyJ+B78MCkWeGnpXJ91tK/iKA6HwHxF4TAlPIY7GXEvMe8hBFRgdrR9Ly4qebR/7gfUs9y2IoaVEyog==,https://registry.npmjs.org/@rollup/rollup-linux-loong64-musl/-/rollup-linux-loong64-musl-4.60.0.tgz
@rollup/rollup-linux-ppc64-gnu,4.60.0,MIT,development,no,sha512-RwpnLsqC8qbS8z1H1AxBA1H6qknR4YpPR9w2XX0vo2Sz10miu57PkNcnHVaZkbqyw/kUWfKMI73jhmfi9BRMUQ==,https://registry.npmjs.org/@rollup/rollup-linux-ppc64-gnu/-/rollup-linux-ppc64-gnu-4.60.0.tgz
@rollup/rollup-linux-ppc64-musl,4.60.0,MIT,development,no,sha512-Z8pPf54Ly3aqtdWC3G4rFigZgNvd+qJlOE52fmko3KST9SoGfAdSRCwyoyG05q1HrrAblLbk1/PSIV+80/pxLg==,https://registry.npmjs.org/@rollup/rollup-linux-ppc64-musl/-/rollup-linux-ppc64-musl-4.60.0.tgz
@rollup/rollup-linux-riscv64-gnu,4.60.0,MIT,development,no,sha512-3a3qQustp3COCGvnP4SvrMHnPQ9d1vzCakQVRTliaz8cIp/wULGjiGpbcqrkv0WrHTEp8bQD/B3HBjzujVWLOA==,https://registry.npmjs.org/@rollup/rollup-linux-riscv64-gnu/-/rollup-linux-riscv64-gnu-4.60.0.tgz
@rollup/rollup-linux-riscv64-musl,4.60.0,MIT,development,no,sha512-pjZDsVH/1VsghMJ2/kAaxt6dL0psT6ZexQVrijczOf+PeP2BUqTHYejk3l6TlPRydggINOeNRhvpLa0AYpCWSQ==,https://registry.npmjs.org/@rollup/rollup-linux-riscv64-musl/-/rollup-linux-riscv64-musl-4.60.0.tgz
@rollup/rollup-linux-s390x-gnu,4.60.0,MIT,development,no,sha512-3ObQs0BhvPgiUVZrN7gqCSvmFuMWvWvsjG5ayJ3Lraqv+2KhOsp+pUbigqbeWqueGIsnn+09HBw27rJ+gYK4VQ==,https://registry.npmjs.org/@rollup/rollup-linux-s390x-gnu/-/rollup-linux-s390x-gnu-4.60.0.tgz
@rollup/rollup-linux-x64-gnu,4.60.0,MIT,development,no,sha512-EtylprDtQPdS5rXvAayrNDYoJhIz1/vzN2fEubo3yLE7tfAw+948dO0g4M0vkTVFhKojnF+n6C8bDNe+gDRdTg==,https://registry.npmjs.org/@rollup/rollup-linux-x64-gnu/-/rollup-linux-x64-gnu-4.60.0.tgz
@rollup/rollup-linux-x64-musl,4.60.0,MIT,development,no,sha512-k09oiRCi/bHU9UVFqD17r3eJR9bn03TyKraCrlz5ULFJGdJGi7VOmm9jl44vOJvRJ6P7WuBi/s2A97LxxHGIdw==,https://registry.npmjs.org/@rollup/rollup-linux-x64-musl/-/rollup-linux-x64-musl-4.60.0.tgz
@rollup/rollup-openbsd-x64,4.60.0,MIT,development,no,sha512-1o/0/pIhozoSaDJoDcec+IVLbnRtQmHwPV730+AOD29lHEEo4F5BEUB24H0OBdhbBBDwIOSuf7vgg0Ywxdfiiw==,https://registry.npmjs.org/@rollup/rollup-openbsd-x64/-/rollup-openbsd-x64-4.60.0.tgz
@rollup/rollup-openharmony-arm64,4.60.0,MIT,development,no,sha512-pESDkos/PDzYwtyzB5p/UoNU/8fJo68vcXM9ZW2V0kjYayj1KaaUfi1NmTUTUpMn4UhU4gTuK8gIaFO4UGuMbA==,https://registry.npmjs.org/@rollup/rollup-openharmony-arm64/-/rollup-openharmony-arm64-4.60.0.tgz
@rollup/rollup-win32-arm64-msvc,4.60.0,MIT,development,no,sha512-hj1wFStD7B1YBeYmvY+lWXZ7ey73YGPcViMShYikqKT1GtstIKQAtfUI6yrzPjAy/O7pO0VLXGmUVWXQMaYgTQ==,https://registry.npmjs.org/@rollup/rollup-win32-arm64-msvc/-/rollup-win32-arm64-msvc-4.60.0.tgz
@rollup/rollup-win32-ia32-msvc,4.60.0,MIT,development,no,sha512-SyaIPFoxmUPlNDq5EHkTbiKzmSEmq/gOYFI/3HHJ8iS/v1mbugVa7dXUzcJGQfoytp9DJFLhHH4U3/eTy2Bq4w==,https://registry.npmjs.org/@rollup/rollup-win32-ia32-msvc/-/rollup-win32-ia32-msvc-4.60.0.tgz
@rollup/rollup-win32-x64-gnu,4.60.0,MIT,development,no,sha512-RdcryEfzZr+lAr5kRm2ucN9aVlCCa2QNq4hXelZxb8GG0NJSazq44Z3PCCc8wISRuCVnGs0lQJVX5Vp6fKA+IA==,https://registry.npmjs.org/@rollup/rollup-win32-x64-gnu/-/rollup-win32-x64-gnu-4.60.0.tgz
@rollup/rollup-win32-x64-msvc,4.60.0,MIT,development,no,sha512-PrsWNQ8BuE00O3Xsx3ALh2Df8fAj9+cvvX9AIA6o4KpATR98c9mud4XtDWVvsEuyia5U4tVSTKygawyJkjm60w==,https://registry.npmjs.org/@rollup/rollup-win32-x64-msvc/-/rollup-win32-x64-msvc-4.60.0.tgz
@standard-schema/spec,1.1.0,MIT,development,no,sha512-l2aFy5jALhniG5HgqrD6jXLi/rUWrKvqN/qJx6yoJsgKhblVd+iqqU4RCXavm/jPityDo5TCvKMnpjKnOriy0w==,https://registry.npmjs.org/@standard-schema/spec/-/spec-1.1.0.tgz
@sveltejs/acorn-typescript,1.0.9,MIT,development,no,sha512-lVJX6qEgs/4DOcRTpo56tmKzVPtoWAaVbL4hfO7t7NVwl9AAXzQR6cihesW1BmNMPl+bK6dreu2sOKBP2Q9CIA==,https://registry.npmjs.org/@sveltejs/acorn-typescript/-/acorn-typescript-1.0.9.tgz
@sveltejs/adapter-node,5.5.4,MIT,development,yes,sha512-45X92CXW+2J8ZUzPv3eLlKWEzINKiiGeFWTjyER4ZN4sGgNoaoeSkCY/QYNxHpPXy71QPsctwccBo9jJs0ySPQ==,https://registry.npmjs.org/@sveltejs/adapter-node/-/adapter-node-5.5.4.tgz
@sveltejs/kit,2.55.0,MIT,development,yes,sha512-MdFRjevVxmAknf2NbaUkDF16jSIzXMWd4Nfah0Qp8TtQVoSp3bV4jKt8mX7z7qTUTWvgSaxtR0EG5WJf53gcuA==,https://registry.npmjs.org/@sveltejs/kit/-/kit-2.55.0.tgz
@sveltejs/vite-plugin-svelte,6.2.4,MIT,development,yes,sha512-ou/d51QSdTyN26D7h6dSpusAKaZkAiGM55/AKYi+9AGZw7q85hElbjK3kEyzXHhLSnRISHOYzVge6x0jRZ7DXA==,https://registry.npmjs.org/@sveltejs/vite-plugin-svelte/-/vite-plugin-svelte-6.2.4.tgz
@sveltejs/vite-plugin-svelte-inspector,5.0.2,MIT,development,no,sha512-TZzRTcEtZffICSAoZGkPSl6Etsj2torOVrx6Uw0KpXxrec9Gg6jFWQ60Q3+LmNGfZSxHRCZL7vXVZIWmuV50Ig==,https://registry.npmjs.org/@sveltejs/vite-plugin-svelte-inspector/-/vite-plugin-svelte-inspector-5.0.2.tgz
@tailwindcss/forms,0.5.11,MIT,development,yes,sha512-h9wegbZDPurxG22xZSoWtdzc41/OlNEUQERNqI/0fOwa2aVlWGu7C35E/x6LDyD3lgtztFSSjKZyuVM0hxhbgA==,https://registry.npmjs.org/@tailwindcss/forms/-/forms-0.5.11.tgz
@tailwindcss/node,4.2.2,MIT,development,no,sha512-pXS+wJ2gZpVXqFaUEjojq7jzMpTGf8rU6ipJz5ovJV6PUGmlJ+jvIwGrzdHdQ80Sg+wmQxUFuoW1UAAwHNEdFA==,https://registry.npmjs.org/@tailwindcss/node/-/node-4.2.2.tgz
@tailwindcss/oxide,4.2.2,MIT,development,no,sha512-qEUA07+E5kehxYp9BVMpq9E8vnJuBHfJEC0vPC5e7iL/hw7HR61aDKoVoKzrG+QKp56vhNZe4qwkRmMC0zDLvg==,https://registry.npmjs.org/@tailwindcss/oxide/-/oxide-4.2.2.tgz
@tailwindcss/oxide-android-arm64,4.2.2,MIT,development,no,sha512-dXGR1n+P3B6748jZO/SvHZq7qBOqqzQ+yFrXpoOWWALWndF9MoSKAT3Q0fYgAzYzGhxNYOoysRvYlpixRBBoDg==,https://registry.npmjs.org/@tailwindcss/oxide-android-arm64/-/oxide-android-arm64-4.2.2.tgz
@tailwindcss/oxide-darwin-arm64,4.2.2,MIT,development,no,sha512-iq9Qjr6knfMpZHj55/37ouZeykwbDqF21gPFtfnhCCKGDcPI/21FKC9XdMO/XyBM7qKORx6UIhGgg6jLl7BZlg==,https://registry.npmjs.org/@tailwindcss/oxide-darwin-arm64/-/oxide-darwin-arm64-4.2.2.tgz
@tailwindcss/oxide-darwin-x64,4.2.2,MIT,development,no,sha512-BlR+2c3nzc8f2G639LpL89YY4bdcIdUmiOOkv2GQv4/4M0vJlpXEa0JXNHhCHU7VWOKWT/CjqHdTP8aUuDJkuw==,https://registry.npmjs.org/@tailwindcss/oxide-darwin-x64/-/oxide-darwin-x64-4.2.2.tgz
@tailwindcss/oxide-freebsd-x64,4.2.2,MIT,development,no,sha512-YUqUgrGMSu2CDO82hzlQ5qSb5xmx3RUrke/QgnoEx7KvmRJHQuZHZmZTLSuuHwFf0DJPybFMXMYf+WJdxHy/nQ==,https://registry.npmjs.org/@tailwindcss/oxide-freebsd-x64/-/oxide-freebsd-x64-4.2.2.tgz
@tailwindcss/oxide-linux-arm-gnueabihf,4.2.2,MIT,development,no,sha512-FPdhvsW6g06T9BWT0qTwiVZYE2WIFo2dY5aCSpjG/S/u1tby+wXoslXS0kl3/KXnULlLr1E3NPRRw0g7t2kgaQ==,https://registry.npmjs.org/@tailwindcss/oxide-linux-arm-gnueabihf/-/oxide-linux-arm-gnueabihf-4.2.2.tgz
@tailwindcss/oxide-linux-arm64-gnu,4.2.2,MIT,development,no,sha512-4og1V+ftEPXGttOO7eCmW7VICmzzJWgMx+QXAJRAhjrSjumCwWqMfkDrNu1LXEQzNAwz28NCUpucgQPrR4S2yw==,https://registry.npmjs.org/@tailwindcss/oxide-linux-arm64-gnu/-/oxide-linux-arm64-gnu-4.2.2.tgz
@tailwindcss/oxide-linux-arm64-musl,4.2.2,MIT,development,no,sha512-oCfG/mS+/+XRlwNjnsNLVwnMWYH7tn/kYPsNPh+JSOMlnt93mYNCKHYzylRhI51X+TbR+ufNhhKKzm6QkqX8ag==,https://registry.npmjs.org/@tailwindcss/oxide-linux-arm64-musl/-/oxide-linux-arm64-musl-4.2.2.tgz
@tailwindcss/oxide-linux-x64-gnu,4.2.2,MIT,development,no,sha512-rTAGAkDgqbXHNp/xW0iugLVmX62wOp2PoE39BTCGKjv3Iocf6AFbRP/wZT/kuCxC9QBh9Pu8XPkv/zCZB2mcMg==,https://registry.npmjs.org/@tailwindcss/oxide-linux-x64-gnu/-/oxide-linux-x64-gnu-4.2.2.tgz
@tailwindcss/oxide-linux-x64-musl,4.2.2,MIT,development,no,sha512-XW3t3qwbIwiSyRCggeO2zxe3KWaEbM0/kW9e8+0XpBgyKU4ATYzcVSMKteZJ1iukJ3HgHBjbg9P5YPRCVUxlnQ==,https://registry.npmjs.org/@tailwindcss/oxide-linux-x64-musl/-/oxide-linux-x64-musl-4.2.2.tgz
@tailwindcss/oxide-wasm32-wasi,4.2.2,MIT,development,no,sha512-eKSztKsmEsn1O5lJ4ZAfyn41NfG7vzCg496YiGtMDV86jz1q/irhms5O0VrY6ZwTUkFy/EKG3RfWgxSI3VbZ8Q==,https://registry.npmjs.org/@tailwindcss/oxide-wasm32-wasi/-/oxide-wasm32-wasi-4.2.2.tgz
@tailwindcss/oxide-win32-arm64-msvc,4.2.2,MIT,development,no,sha512-qPmaQM4iKu5mxpsrWZMOZRgZv1tOZpUm+zdhhQP0VhJfyGGO3aUKdbh3gDZc/dPLQwW4eSqWGrrcWNBZWUWaXQ==,https://registry.npmjs.org/@tailwindcss/oxide-win32-arm64-msvc/-/oxide-win32-arm64-msvc-4.2.2.tgz
@tailwindcss/oxide-win32-x64-msvc,4.2.2,MIT,development,no,sha512-1T/37VvI7WyH66b+vqHj/cLwnCxt7Qt3WFu5Q8hk65aOvlwAhs7rAp1VkulBJw/N4tMirXjVnylTR72uI0HGcA==,https://registry.npmjs.org/@tailwindcss/oxide-win32-x64-msvc/-/oxide-win32-x64-msvc-4.2.2.tgz
@tailwindcss/typography,0.5.19,MIT,development,yes,sha512-w31dd8HOx3k9vPtcQh5QHP9GwKcgbMp87j58qi6xgiBnFFtKEAgCWnDw4qUT8aHwkCp8bKvb/KGKWWHedP0AAg==,https://registry.npmjs.org/@tailwindcss/typography/-/typography-0.5.19.tgz
@tailwindcss/vite,4.2.2,MIT,development,yes,sha512-mEiF5HO1QqCLXoNEfXVA1Tzo+cYsrqV7w9Juj2wdUFyW07JRenqMG225MvPwr3ZD9N1bFQj46X7r33iHxLUW0w==,https://registry.npmjs.org/@tailwindcss/vite/-/vite-4.2.2.tgz
@types/cookie,0.6.0,MIT,development,no,sha512-4Kh9a6B2bQciAhf7FSuMRRkUWecJgJu9nPnx3yzpsfXX/c50REIqpHY4C82bXP90qrLtXtkDxTZosYO3UpOwlA==,https://registry.npmjs.org/@types/cookie/-/cookie-0.6.0.tgz
@types/esrecurse,4.3.1,MIT,development,no,sha512-xJBAbDifo5hpffDBuHl0Y8ywswbiAp/Wi7Y/GtAgSlZyIABppyurxVueOPE8LUQOxdlgi6Zqce7uoEpqNTeiUw==,https://registry.npmjs.org/@types/esrecurse/-/esrecurse-4.3.1.tgz
@types/estree,1.0.8,MIT,development,no,sha512-dWHzHa2WqEXI/O1E9OjrocMTKJl2mSrEolh1Iomrv6U+JuNwaHXsXx9bLu5gG7BUWFIN0skIQJQ/L1rIex4X6w==,https://registry.npmjs.org/@types/estree/-/estree-1.0.8.tgz
@types/json-schema,7.0.15,MIT,development,no,sha512-5+fP8P8MFNC+AyZCDxrB2pkZFPGzqQWUzpSeuuVLvm8VMcorNYavBqoFcxK8bQz4Qsbn4oUEEem4wDLfcysGHA==,https://registry.npmjs.org/@types/json-schema/-/json-schema-7.0.15.tgz
@types/node,24.12.0,MIT,development,yes,sha512-GYDxsZi3ChgmckRT9HPU0WEhKLP08ev/Yfcq2AstjrDASOYCSXeyjDsHg4v5t4jOj7cyDX3vmprafKlWIG9MXQ==,https://registry.npmjs.org/@types/node/-/node-24.12.0.tgz
@types/papaparse,5.5.2,MIT,development,yes,sha512-gFnFp/JMzLHCwRf7tQHrNnfhN4eYBVYYI897CGX4MY1tzY9l2aLkVyx2IlKZ/SAqDbB3I1AOZW5gTMGGsqWliA==,https://registry.npmjs.org/@types/papaparse/-/papaparse-5.5.2.tgz
@types/resolve,1.20.2,MIT,development,no,sha512-60BCwRFOZCQhDncwQdxxeOEEkbc5dIMccYLwbxsS4TUNeVECQ/pBJ0j09mrHOl/JJvpRPGwO9SvE4nR2Nb/a4Q==,https://registry.npmjs.org/@types/resolve/-/resolve-1.20.2.tgz
@types/trusted-types,2.0.7,MIT,development,no,sha512-ScaPdn1dQczgbl0QFTeTOmVHFULt394XJgOQNoyVhZ6r2vLnMLJfBPd53SB52T/3G36VI1/g2MZaX0cwDuXsfw==,https://registry.npmjs.org/@types/trusted-types/-/trusted-types-2.0.7.tgz
@typescript-eslint/eslint-plugin,8.57.2,MIT,development,no,sha512-NZZgp0Fm2IkD+La5PR81sd+g+8oS6JwJje+aRWsDocxHkjyRw0J5L5ZTlN3LI1LlOcGL7ph3eaIUmTXMIjLk0w==,https://registry.npmjs.org/@typescript-eslint/eslint-plugin/-/eslint-plugin-8.57.2.tgz
@typescript-eslint/parser,8.57.2,MIT,development,no,sha512-30ScMRHIAD33JJQkgfGW1t8CURZtjc2JpTrq5n2HFhOefbAhb7ucc7xJwdWcrEtqUIYJ73Nybpsggii6GtAHjA==,https://registry.npmjs.org/@typescript-eslint/parser/-/parser-8.57.2.tgz
@typescript-eslint/project-service,8.57.2,MIT,development,no,sha512-FuH0wipFywXRTHf+bTTjNyuNQQsQC3qh/dYzaM4I4W0jrCqjCVuUh99+xd9KamUfmCGPvbO8NDngo/vsnNVqgw==,https://registry.npmjs.org/@typescript-eslint/project-service/-/project-service-8.57.2.tgz
@typescript-eslint/scope-manager,8.57.2,MIT,development,no,sha512-snZKH+W4WbWkrBqj4gUNRIGb/jipDW3qMqVJ4C9rzdFc+wLwruxk+2a5D+uoFcKPAqyqEnSb4l2ULuZf95eSkw==,https://registry.npmjs.org/@typescript-eslint/scope-manager/-/scope-manager-8.57.2.tgz
@typescript-eslint/tsconfig-utils,8.57.2,MIT,development,no,sha512-3Lm5DSM+DCowsUOJC+YqHHnKEfFh5CoGkj5Z31NQSNF4l5wdOwqGn99wmwN/LImhfY3KJnmordBq/4+VDe2eKw==,https://registry.npmjs.org/@typescript-eslint/tsconfig-utils/-/tsconfig-utils-8.57.2.tgz
@typescript-eslint/type-utils,8.57.2,MIT,development,no,sha512-Co6ZCShm6kIbAM/s+oYVpKFfW7LBc6FXoPXjTRQ449PPNBY8U0KZXuevz5IFuuUj2H9ss40atTaf9dlGLzbWZg==,https://registry.npmjs.org/@typescript-eslint/type-utils/-/type-utils-8.57.2.tgz
@typescript-eslint/types,8.57.2,MIT,development,no,sha512-/iZM6FnM4tnx9csuTxspMW4BOSegshwX5oBDznJ7S4WggL7Vczz5d2W11ecc4vRrQMQHXRSxzrCsyG5EsPPTbA==,https://registry.npmjs.org/@typescript-eslint/types/-/types-8.57.2.tgz
@typescript-eslint/typescript-estree,8.57.2,MIT,development,no,sha512-2MKM+I6g8tJxfSmFKOnHv2t8Sk3T6rF20A1Puk0svLK+uVapDZB/4pfAeB7nE83uAZrU6OxW+HmOd5wHVdXwXA==,https://registry.npmjs.org/@typescript-eslint/typescript-estree/-/typescript-estree-8.57.2.tgz
@typescript-eslint/utils,8.57.2,MIT,development,no,sha512-krRIbvPK1ju1WBKIefiX+bngPs+odIQUtR7kymzPfo1POVw3jlF+nLkmexdSSd4UCbDcQn+wMBATOOmpBbqgKg==,https://registry.npmjs.org/@typescript-eslint/utils/-/utils-8.57.2.tgz
@typescript-eslint/visitor-keys,8.57.2,MIT,development,no,sha512-zhahknjobV2FiD6Ee9iLbS7OV9zi10rG26odsQdfBO/hjSzUQbkIYgda+iNKK1zNiW2ey+Lf8MU5btN17V3dUw==,https://registry.npmjs.org/@typescript-eslint/visitor-keys/-/visitor-keys-8.57.2.tgz
acorn,8.16.0,MIT,development,no,sha512-UVJyE9MttOsBQIDKw1skb9nAwQuR5wuGD3+82K6JgJlm/Y+KI92oNsMNGZCYdDsVtRHSak0pcV5Dno5+4jh9sw==,https://registry.npmjs.org/acorn/-/acorn-8.16.0.tgz
acorn-jsx,5.3.2,MIT,development,no,sha512-rq9s+JNhf0IChjtDXxllJ7g41oZk5SlXtp0LHwyA5cejwn7vKmKp4pPri6YEePv2PU65sAsegbXtIinmDFDXgQ==,https://registry.npmjs.org/acorn-jsx/-/acorn-jsx-5.3.2.tgz
ajv,6.14.0,MIT,development,no,sha512-IWrosm/yrn43eiKqkfkHis7QioDleaXQHdDVPKg0FSwwd/DuvyX79TZnFOnYpB7dcsFAMmtFztZuXPDvSePkFw==,https://registry.npmjs.org/ajv/-/ajv-6.14.0.tgz
aria-query,5.3.1,Apache-2.0,development,no,sha512-Z/ZeOgVl7bcSYZ/u/rh0fOpvEpq//LZmdbkXyc7syVzjPAhfOa9ebsdTSjEBDU4vs5nC98Kfduj1uFo0qyET3g==,https://registry.npmjs.org/aria-query/-/aria-query-5.3.1.tgz
axobject-query,4.1.0,Apache-2.0,development,no,sha512-qIj0G9wZbMGNLjLmg1PT6v2mE9AH2zlnADJD/2tC6E00hgmhUOfEB6greHPAfLRSufHqROIUTkw6E+M3lH0PTQ==,https://registry.npmjs.org/axobject-query/-/axobject-query-4.1.0.tgz
balanced-match,4.0.4,MIT,development,no,sha512-BLrgEcRTwX2o6gGxGOCNyMvGSp35YofuYzw9h1IMTRmKqttAZZVU67bdb9Pr2vUHA8+j3i2tJfjO6C6+4myGTA==,https://registry.npmjs.org/balanced-match/-/balanced-match-4.0.4.tgz
brace-expansion,5.0.5,MIT,development,no,sha512-VZznLgtwhn+Mact9tfiwx64fA9erHH/MCXEUfB/0bX/6Fz6ny5EGTXYltMocqg4xFAQZtnO3DHWWXi8RiuN7cQ==,https://registry.npmjs.org/brace-expansion/-/brace-expansion-5.0.5.tgz
chokidar,4.0.3,MIT,development,no,sha512-Qgzu8kfBvo+cA4962jnP1KkS6Dop5NS6g7R5LFYJr4b8Ub94PPQXUksCw9PvXoeXPRRddRNC5C1JQUR2SMGtnA==,https://registry.npmjs.org/chokidar/-/chokidar-4.0.3.tgz
clsx,2.1.1,MIT,development,no,sha512-eYm0QWBtUrBWZWG0d386OGAw16Z995PiOVo2B7bjWSbHedGl5e0ZWaq65kOGgUSNesEIDkB9ISbTg/JK9dhCZA==,https://registry.npmjs.org/clsx/-/clsx-2.1.1.tgz
commondir,1.0.1,MIT,development,no,sha512-W9pAhw0ja1Edb5GVdIF1mjZw/ASI0AlShXM83UUGe2DVr5TdAPEA1OA8m/g8zWp9x6On7gqufY+FatDbC3MDQg==,https://registry.npmjs.org/commondir/-/commondir-1.0.1.tgz
cookie,0.6.0,MIT,development,no,sha512-U71cyTamuh1CRNCfpGY6to28lxvNwPG4Guz/EVjgf3Jmzv0vlDp1atT9eS5dDjMYHucpHbWns6Lwf3BKz6svdw==,https://registry.npmjs.org/cookie/-/cookie-0.6.0.tgz
cross-spawn,7.0.6,MIT,development,no,sha512-uV2QOWP2nWzsy2aMp8aRibhi9dlzF5Hgh5SHaB9OiTGEyDTiJJyx0uy51QXdyWbtAHNua4XJzUKca3OzKUd3vA==,https://registry.npmjs.org/cross-spawn/-/cross-spawn-7.0.6.tgz
cssesc,3.0.0,MIT,development,no,sha512-/Tb/JcjK111nNScGob5MNtsntNM1aCNUDipB/TkwZFhyDrrE47SOx/18wF2bbjgc3ZzCSKW1T5nt5EbFoAz/Vg==,https://registry.npmjs.org/cssesc/-/cssesc-3.0.0.tgz
debug,4.4.3,MIT,development,no,sha512-RGwwWnwQvkVfavKVt22FGLw+xYSdzARwm0ru6DhTVA3umU5hZc28V3kO4stgYryrTlLpuvgI9GiijltAjNbcqA==,https://registry.npmjs.org/debug/-/debug-4.4.3.tgz
deep-is,0.1.4,MIT,development,no,sha512-oIPzksmTg4/MriiaYGO+okXDT7ztn/w3Eptv/+gSIdMdKsJo0u4CfYNFJPy+4SKMuCqGw2wxnA+URMg3t8a/bQ==,https://registry.npmjs.org/deep-is/-/deep-is-0.1.4.tgz
deepmerge,4.3.1,MIT,development,no,sha512-3sUqbMEc77XqpdNO7FRyRog+eW3ph+GYCbj+rK+uYyRMuwsVy0rMiVtPn+QJlKFvWP/1PYpapqYn0Me2knFn+A==,https://registry.npmjs.org/deepmerge/-/deepmerge-4.3.1.tgz
detect-libc,2.1.2,Apache-2.0,development,no,sha512-Btj2BOOO83o3WyH59e8MgXsxEQVcarkUOpEYrubB0urwnN10yQ364rsiByU11nZlqWYZm05i/of7io4mzihBtQ==,https://registry.npmjs.org/detect-libc/-/detect-libc-2.1.2.tgz
devalue,5.6.4,MIT,development,no,sha512-Gp6rDldRsFh/7XuouDbxMH3Mx8GMCcgzIb1pDTvNyn8pZGQ22u+Wa+lGV9dQCltFQ7uVw0MhRyb8XDskNFOReA==,https://registry.npmjs.org/devalue/-/devalue-5.6.4.tgz
dotenv,17.3.1,BSD-2-Clause,development,yes,sha512-IO8C/dzEb6O3F9/twg6ZLXz164a2fhTnEWb95H23Dm4OuN+92NmEAlTrupP9VW6Jm3sO26tQlqyvyi4CsnY9GA==,https://registry.npmjs.org/dotenv/-/dotenv-17.3.1.tgz
enhanced-resolve,5.20.1,MIT,development,no,sha512-Qohcme7V1inbAfvjItgw0EaxVX5q2rdVEZHRBrEQdRZTssLDGsL8Lwrznl8oQ/6kuTJONLaDcGjkNP247XEhcA==,https://registry.npmjs.org/enhanced-resolve/-/enhanced-resolve-5.20.1.tgz
es-errors,1.3.0,MIT,development,no,sha512-Zf5H2Kxt2xjTvbJvP2ZWLEICxA6j+hAmMzIlypy4xcBg1vKVnx89Wy0GbS+kf5cwCVFFzdCFh2XSCFNULS6csw==,https://registry.npmjs.org/es-errors/-/es-errors-1.3.0.tgz
esbuild,0.27.4,MIT,development,no,sha512-Rq4vbHnYkK5fws5NF7MYTU68FPRE1ajX7heQ/8QXXWqNgqqJ/GkmmyxIzUnf2Sr/bakf8l54716CcMGHYhMrrQ==,https://registry.npmjs.org/esbuild/-/esbuild-0.27.4.tgz
esbuild,0.27.4,MIT,development,no,sha512-Rq4vbHnYkK5fws5NF7MYTU68FPRE1ajX7heQ/8QXXWqNgqqJ/GkmmyxIzUnf2Sr/bakf8l54716CcMGHYhMrrQ==,https://registry.npmjs.org/esbuild/-/esbuild-0.27.4.tgz
escape-string-regexp,4.0.0,MIT,development,no,sha512-TtpcNJ3XAzx3Gq8sWRzJaVajRs0uVxA2YAkdb1jm2YkPz4G6egUFAyA3n5vtEIZefPk5Wa4UXbKuS5fKkJWdgA==,https://registry.npmjs.org/escape-string-regexp/-/escape-string-regexp-4.0.0.tgz
eslint,10.1.0,MIT,development,yes,sha512-S9jlY/ELKEUwwQnqWDO+f+m6sercqOPSqXM5Go94l7DOmxHVDgmSFGWEzeE/gwgTAr0W103BWt0QLe/7mabIvA==,https://registry.npmjs.org/eslint/-/eslint-10.1.0.tgz
eslint-config-prettier,10.1.8,MIT,development,yes,sha512-82GZUjRS0p/jganf6q1rEO25VSoHH0hKPCTrgillPjdI/3bgBhAE1QzHrHTizjpRvy6pGAvKjDJtk2pF9NDq8w==,https://registry.npmjs.org/eslint-config-prettier/-/eslint-config-prettier-10.1.8.tgz
eslint-plugin-svelte,3.16.0,MIT,development,yes,sha512-DJXxqpYZUxcE0SfYo8EJzV2ZC+zAD7fJp1n1HwcEMRR1cOEUYvjT9GuzJeNghMjgb7uxuK3IJAzI+x6zzUxO5A==,https://registry.npmjs.org/eslint-plugin-svelte/-/eslint-plugin-svelte-3.16.0.tgz
eslint-scope,9.1.2,BSD-2-Clause,development,no,sha512-xS90H51cKw0jltxmvmHy2Iai1LIqrfbw57b79w/J7MfvDfkIkFZ+kj6zC3BjtUwh150HsSSdxXZcsuv72miDFQ==,https://registry.npmjs.org/eslint-scope/-/eslint-scope-9.1.2.tgz
eslint-scope,8.4.0,BSD-2-Clause,development,no,sha512-sNXOfKCn74rt8RICKMvJS7XKV/Xk9kA7DyJr8mJik3S7Cwgy3qlkkmyS2uQB3jiJg6VNdZd/pDBJu0nvG2NlTg==,https://registry.npmjs.org/eslint-scope/-/eslint-scope-8.4.0.tgz
eslint-visitor-keys,3.4.3,Apache-2.0,development,no,sha512-wpc+LXeiyiisxPlEkUzU6svyS1frIO3Mgxj1fdy7Pm8Ygzguax2N3Fa/D/ag1WqbOprdI+uY6wMUl8/a2G+iag==,https://registry.npmjs.org/eslint-visitor-keys/-/eslint-visitor-keys-3.4.3.tgz
eslint-visitor-keys,5.0.1,Apache-2.0,development,no,sha512-tD40eHxA35h0PEIZNeIjkHoDR4YjjJp34biM0mDvplBe//mB+IHCqHDGV7pxF+7MklTvighcCPPZC7ynWyjdTA==,https://registry.npmjs.org/eslint-visitor-keys/-/eslint-visitor-keys-5.0.1.tgz
eslint-visitor-keys,4.2.1,Apache-2.0,development,no,sha512-Uhdk5sfqcee/9H/rCOJikYz67o0a2Tw2hGRPOG2Y1R2dg7brRe1uG0yaNQDHu+TO/uQPF/5eCapvYSmHUjt7JQ==,https://registry.npmjs.org/eslint-visitor-keys/-/eslint-visitor-keys-4.2.1.tgz
esm-env,1.2.2,MIT,development,no,sha512-Epxrv+Nr/CaL4ZcFGPJIYLWFom+YeV1DqMLHJoEd9SYRxNbaFruBwfEX/kkHUJf55j2+TUbmDcmuilbP1TmXHA==,https://registry.npmjs.org/esm-env/-/esm-env-1.2.2.tgz
espree,11.2.0,BSD-2-Clause,development,no,sha512-7p3DrVEIopW1B1avAGLuCSh1jubc01H2JHc8B4qqGblmg5gI9yumBgACjWo4JlIc04ufug4xJ3SQI8HkS/Rgzw==,https://registry.npmjs.org/espree/-/espree-11.2.0.tgz
espree,10.4.0,BSD-2-Clause,development,no,sha512-j6PAQ2uUr79PZhBjP5C5fhl8e39FmRnOjsD5lGnWrFU8i2G776tBK7+nP8KuQUTTyAZUwfQqXAgrVH5MbH9CYQ==,https://registry.npmjs.org/espree/-/espree-10.4.0.tgz
esquery,1.7.0,BSD-3-Clause,development,no,sha512-Ap6G0WQwcU/LHsvLwON1fAQX9Zp0A2Y6Y/cJBl9r/JbW90Zyg4/zbG6zzKa2OTALELarYHmKu0GhpM5EO+7T0g==,https://registry.npmjs.org/esquery/-/esquery-1.7.0.tgz
esrap,2.2.4,MIT,development,no,sha512-suICpxAmZ9A8bzJjEl/+rLJiDKC0X4gYWUxT6URAWBLvlXmtbZd5ySMu/N2ZGEtMCAmflUDPSehrP9BQcsGcSg==,https://registry.npmjs.org/esrap/-/esrap-2.2.4.tgz
esrecurse,4.3.0,BSD-2-Clause,development,no,sha512-KmfKL3b6G+RXvP8N1vr3Tq1kL/oCFgn2NYXEtqP8/L3pKapUA4G8cFVaoF3SU323CD4XypR/ffioHmkti6/Tag==,https://registry.npmjs.org/esrecurse/-/esrecurse-4.3.0.tgz
estraverse,5.3.0,BSD-2-Clause,development,no,sha512-MMdARuVEQziNTeJD8DgMqmhwR11BRQ/cBP+pLtYdSTnf3MIO8fFeiINEbX36ZdNlfU/7A9f3gUw49B3oQsvwBA==,https://registry.npmjs.org/estraverse/-/estraverse-5.3.0.tgz
estree-walker,2.0.2,MIT,development,no,sha512-Rfkk/Mp/DL7JVje3u18FxFujQlTNR2q6QfMSMB7AvCBx91NGj/ba3kCfza0f6dVDbw7YlRf/nDrn7pQrCCyQ/w==,https://registry.npmjs.org/estree-walker/-/estree-walker-2.0.2.tgz
esutils,2.0.3,BSD-2-Clause,development,no,sha512-kVscqXk4OCp68SZ0dkgEKVi6/8ij300KBWTJq32P/dYeWTSwK41WyTxalN1eRmA5Z9UU/LX9D7FWSmV9SAYx6g==,https://registry.npmjs.org/esutils/-/esutils-2.0.3.tgz
fast-deep-equal,3.1.3,MIT,development,no,sha512-f3qQ9oQy9j2AhBe/H9VC91wLmKBCCU/gDOnKNAYG5hswO7BLKj09Hc5HYNz9cGI++xlpDCIgDaitVs03ATR84Q==,https://registry.npmjs.org/fast-deep-equal/-/fast-deep-equal-3.1.3.tgz
fast-json-stable-stringify,2.1.0,MIT,development,no,sha512-lhd/wF+Lk98HZoTCtlVraHtfh5XYijIjalXck7saUtuanSDyLMxnHhSXEDJqHxD7msR8D0uCmqlkwjCV8xvwHw==,https://registry.npmjs.org/fast-json-stable-stringify/-/fast-json-stable-stringify-2.1.0.tgz
fast-levenshtein,2.0.6,MIT,development,no,sha512-DCXu6Ifhqcks7TZKY3Hxp3y6qphY5SJZmrWMDrKcERSOXWQdMhU9Ig/PYrzyw/ul9jOIyh0N4M0tbC5hodg8dw==,https://registry.npmjs.org/fast-levenshtein/-/fast-levenshtein-2.0.6.tgz
fdir,6.5.0,MIT,development,no,sha512-tIbYtZbucOs0BRGqPJkshJUYdL+SDH7dVM8gjy+ERp3WAUjLEFJE+02kanyHtwjWOnwrKYBiwAmM0p4kLJAnXg==,https://registry.npmjs.org/fdir/-/fdir-6.5.0.tgz
file-entry-cache,8.0.0,MIT,development,no,sha512-XXTUwCvisa5oacNGRP9SfNtYBNAMi+RPwBFmblZEF7N7swHYQS6/Zfk7SRwx4D5j3CH211YNRco1DEMNVfZCnQ==,https://registry.npmjs.org/file-entry-cache/-/file-entry-cache-8.0.0.tgz
find-up,5.0.0,MIT,development,no,sha512-78/PXT1wlLLDgTzDs7sjq9hzz0vXD+zn+7wypEe4fXQxCmdmqfGsEPQxmiCSQI3ajFV91bVSsvNtrJRiW6nGng==,https://registry.npmjs.org/find-up/-/find-up-5.0.0.tgz
flat-cache,4.0.1,MIT,development,no,sha512-f7ccFPK3SXFHpx15UIGyRJ/FJQctuKZ0zVuN3frBo4HnK3cay9VEW0R6yPYFHC0AgqhukPzKjq22t5DmAyqGyw==,https://registry.npmjs.org/flat-cache/-/flat-cache-4.0.1.tgz
flatted,3.4.2,ISC,development,no,sha512-PjDse7RzhcPkIJwy5t7KPWQSZ9cAbzQXcafsetQoD7sOJRQlGikNbx7yZp2OotDnJyrDcbyRq3Ttb18iYOqkxA==,https://registry.npmjs.org/flatted/-/flatted-3.4.2.tgz
fsevents,2.3.3,MIT,development,no,sha512-5xoDfX+fL7faATnagmWPpbFtwh/R77WmMMqqHGS65C3vvB0YHrgF+B1YmZ3441tMj5n63k0212XNoJwzlhffQw==,https://registry.npmjs.org/fsevents/-/fsevents-2.3.3.tgz
function-bind,1.1.2,MIT,development,no,sha512-7XHNxH7qX9xG5mIwxkhumTox/MIRNcOgDrxWsMt2pAr23WHp6MrRlN7FBSFpCpr+oVO0F744iUgR82nJMfG2SA==,https://registry.npmjs.org/function-bind/-/function-bind-1.1.2.tgz
get-tsconfig,4.13.7,MIT,development,no,sha512-7tN6rFgBlMgpBML5j8typ92BKFi2sFQvIdpAqLA2beia5avZDrMs0FLZiM5etShWq5irVyGcGMEA1jcDaK7A/Q==,https://registry.npmjs.org/get-tsconfig/-/get-tsconfig-4.13.7.tgz
glob-parent,6.0.2,ISC,development,no,sha512-XxwI8EOhVQgWp6iDL+3b0r86f4d6AX6zSU55HfB4ydCEuXLXc5FcYeOu+nnGftS4TEju/11rt4KJPTMgbfmv4A==,https://registry.npmjs.org/glob-parent/-/glob-parent-6.0.2.tgz
globals,16.5.0,MIT,development,yes,sha512-c/c15i26VrJ4IRt5Z89DnIzCGDn9EcebibhAOjw5ibqEHsE1wLUgkPn9RDmNcUKyU87GeaL633nyJ+pplFR2ZQ==,https://registry.npmjs.org/globals/-/globals-16.5.0.tgz
globals,17.4.0,MIT,development,yes,sha512-hjrNztw/VajQwOLsMNT1cbJiH2muO3OROCHnbehc8eY5JyD2gqz4AcMHPqgaOR59DjgUjYAYLeH699g/eWi2jw==,https://registry.npmjs.org/globals/-/globals-17.4.0.tgz
graceful-fs,4.2.11,ISC,development,no,sha512-RbJ5/jmFcNNCcDV5o9eTnBLJ/HszWV0P73bc+Ff4nS/rJj+YaS6IGyiOL0VoBYX+l1Wrl3k63h/KrH+nhJ0XvQ==,https://registry.npmjs.org/graceful-fs/-/graceful-fs-4.2.11.tgz
hasown,2.0.3,MIT,development,no,sha512-ej4AhfhfL2Q2zpMmLo7U1Uv9+PyhIZpgQLGT1F9miIGmiCJIoCgSmczFdrc97mWT4kVY72KA+WnnhJ5pghSvSg==,https://registry.npmjs.org/hasown/-/hasown-2.0.3.tgz
ignore,7.0.5,MIT,development,no,sha512-Hs59xBNfUIunMFgWAbGX5cq6893IbWg4KnrjbYwX3tx0ztorVgTDA6B2sxf8ejHJ4wz8BqGUMYlnzNBer5NvGg==,https://registry.npmjs.org/ignore/-/ignore-7.0.5.tgz
ignore,5.3.2,MIT,development,no,sha512-hsBTNUqQTDwkWtcdYI2i06Y/nUBEsNEDJKjWdigLvegy8kDuJAS8uRlpkkcQpyEXL0Z/pjDy5HBmMjRCJ2gq+g==,https://registry.npmjs.org/ignore/-/ignore-5.3.2.tgz
imurmurhash,0.1.4,MIT,development,no,sha512-JmXMZ6wuvDmLiHEml9ykzqO6lwFbof0GG4IkcGaENdCRDDmMVnny7s5HsIgHCbaq0w2MyPhDqkhTUgS2LU2PHA==,https://registry.npmjs.org/imurmurhash/-/imurmurhash-0.1.4.tgz
is-core-module,2.16.2,MIT,development,no,sha512-evOr8xfXKxE6qSR0hSXL2r3sd7ALj8+7jQEUvPYcm5sgZFdJ+AYzT6yNmJenvIYQBgIGwfwz08sL8zoL7yq2BA==,https://registry.npmjs.org/is-core-module/-/is-core-module-2.16.2.tgz
is-extglob,2.1.1,MIT,development,no,sha512-SbKbANkN603Vi4jEZv49LeVJMn4yGwsbzZworEoyEiutsN3nJYdbO36zfhGJ6QEDpOZIFkDtnq5JRxmvl3jsoQ==,https://registry.npmjs.org/is-extglob/-/is-extglob-2.1.1.tgz
is-glob,4.0.3,MIT,development,no,sha512-xelSayHH36ZgE7ZWhli7pW34hNbNl8Ojv5KVmkJD4hBdD3th8Tfk9vYasLM+mXWOZhFkgZfxhLSnrwRr4elSSg==,https://registry.npmjs.org/is-glob/-/is-glob-4.0.3.tgz
is-module,1.0.0,MIT,development,no,sha512-51ypPSPCoTEIN9dy5Oy+h4pShgJmPCygKfyRCISBI+JoWT/2oJvK8QPxmwv7b/p239jXrm9M1mlQbyKJ5A152g==,https://registry.npmjs.org/is-module/-/is-module-1.0.0.tgz
is-reference,1.2.1,MIT,development,no,sha512-U82MsXXiFIrjCK4otLT+o2NA2Cd2g5MLoOVXUZjIOhLurrRxpEXzI8O0KZHr3IjLvlAH1kTPYSuqer5T9ZVBKQ==,https://registry.npmjs.org/is-reference/-/is-reference-1.2.1.tgz
is-reference,3.0.3,MIT,development,no,sha512-ixkJoqQvAP88E6wLydLGGqCJsrFUnqoH6HnaczB8XmDH1oaWU+xxdptvikTgaEhtZ53Ky6YXiBuUI2WXLMCwjw==,https://registry.npmjs.org/is-reference/-/is-reference-3.0.3.tgz
isexe,2.0.0,ISC,development,no,sha512-RHxMLp9lnKHGHRng9QFhRCMbYAcVpn69smSGcq3f36xjgVVWThj4qqLbTLlq7Ssj8B+fIQ1EuCEGI2lKsyQeIw==,https://registry.npmjs.org/isexe/-/isexe-2.0.0.tgz
jiti,2.6.1,MIT,development,no,sha512-ekilCSN1jwRvIbgeg/57YFh8qQDNbwDb9xT/qu2DAHbFFZUicIl4ygVaAvzveMhMVr3LnpSKTNnwt8PoOfmKhQ==,https://registry.npmjs.org/jiti/-/jiti-2.6.1.tgz
json-buffer,3.0.1,MIT,development,no,sha512-4bV5BfR2mqfQTJm+V5tPPdf+ZpuhiIvTuAB5g8kcrXOZpTT/QwwVRWBywX1ozr6lEuPdbHxwaJlm9G6mI2sfSQ==,https://registry.npmjs.org/json-buffer/-/json-buffer-3.0.1.tgz
json-schema-traverse,0.4.1,MIT,development,no,sha512-xbbCH5dCYU5T8LcEhhuh7HJ88HXuW3qsI3Y0zOZFKfZEHcpWiHU/Jxzk629Brsab/mMiHQti9wMP+845RPe3Vg==,https://registry.npmjs.org/json-schema-traverse/-/json-schema-traverse-0.4.1.tgz
json-stable-stringify-without-jsonify,1.0.1,MIT,development,no,sha512-Bdboy+l7tA3OGW6FjyFHWkP5LuByj1Tk33Ljyq0axyzdk9//JSi2u3fP1QSmd1KNwq6VOKYGlAu87CisVir6Pw==,https://registry.npmjs.org/json-stable-stringify-without-jsonify/-/json-stable-stringify-without-jsonify-1.0.1.tgz
keyv,4.5.4,MIT,development,no,sha512-oxVHkHR/EJf2CNXnWxRLW6mg7JyCCUcG0DtEGmL2ctUo1PNTin1PUil+r/+4r5MpVgC/fn1kjsx7mjSujKqIpw==,https://registry.npmjs.org/keyv/-/keyv-4.5.4.tgz
kleur,4.1.5,MIT,development,no,sha512-o+NO+8WrRiQEE4/7nwRJhN1HWpVmJm511pBHUxPLtp0BUISzlBplORYSmTclCnJvQq2tKu/sgl3xVpkc7ZWuQQ==,https://registry.npmjs.org/kleur/-/kleur-4.1.5.tgz
known-css-properties,0.37.0,MIT,development,no,sha512-JCDrsP4Z1Sb9JwG0aJ8Eo2r7k4Ou5MwmThS/6lcIe1ICyb7UBJKGRIUUdqc2ASdE/42lgz6zFUnzAIhtXnBVrQ==,https://registry.npmjs.org/known-css-properties/-/known-css-properties-0.37.0.tgz
levn,0.4.1,MIT,development,no,sha512-+bT2uH4E5LGE7h/n3evcS/sQlJXCpIp6ym8OWJ5eV6+67Dsql/LaaT7qJBAt2rzfoa/5QBGBhxDix1dMt2kQKQ==,https://registry.npmjs.org/levn/-/levn-0.4.1.tgz
lightningcss,1.32.0,MPL-2.0,development,no,sha512-NXYBzinNrblfraPGyrbPoD19C1h9lfI/1mzgWYvXUTe414Gz/X1FD2XBZSZM7rRTrMA8JL3OtAaGifrIKhQ5yQ==,https://registry.npmjs.org/lightningcss/-/lightningcss-1.32.0.tgz
lightningcss-android-arm64,1.32.0,MPL-2.0,development,no,sha512-YK7/ClTt4kAK0vo6w3X+Pnm0D2cf2vPHbhOXdoNti1Ga0al1P4TBZhwjATvjNwLEBCnKvjJc2jQgHXH0NEwlAg==,https://registry.npmjs.org/lightningcss-android-arm64/-/lightningcss-android-arm64-1.32.0.tgz
lightningcss-darwin-arm64,1.32.0,MPL-2.0,development,no,sha512-RzeG9Ju5bag2Bv1/lwlVJvBE3q6TtXskdZLLCyfg5pt+HLz9BqlICO7LZM7VHNTTn/5PRhHFBSjk5lc4cmscPQ==,https://registry.npmjs.org/lightningcss-darwin-arm64/-/lightningcss-darwin-arm64-1.32.0.tgz
lightningcss-darwin-x64,1.32.0,MPL-2.0,development,no,sha512-U+QsBp2m/s2wqpUYT/6wnlagdZbtZdndSmut/NJqlCcMLTWp5muCrID+K5UJ6jqD2BFshejCYXniPDbNh73V8w==,https://registry.npmjs.org/lightningcss-darwin-x64/-/lightningcss-darwin-x64-1.32.0.tgz
lightningcss-freebsd-x64,1.32.0,MPL-2.0,development,no,sha512-JCTigedEksZk3tHTTthnMdVfGf61Fky8Ji2E4YjUTEQX14xiy/lTzXnu1vwiZe3bYe0q+SpsSH/CTeDXK6WHig==,https://registry.npmjs.org/lightningcss-freebsd-x64/-/lightningcss-freebsd-x64-1.32.0.tgz
lightningcss-linux-arm-gnueabihf,1.32.0,MPL-2.0,development,no,sha512-x6rnnpRa2GL0zQOkt6rts3YDPzduLpWvwAF6EMhXFVZXD4tPrBkEFqzGowzCsIWsPjqSK+tyNEODUBXeeVHSkw==,https://registry.npmjs.org/lightningcss-linux-arm-gnueabihf/-/lightningcss-linux-arm-gnueabihf-1.32.0.tgz
lightningcss-linux-arm64-gnu,1.32.0,MPL-2.0,development,no,sha512-0nnMyoyOLRJXfbMOilaSRcLH3Jw5z9HDNGfT/gwCPgaDjnx0i8w7vBzFLFR1f6CMLKF8gVbebmkUN3fa/kQJpQ==,https://registry.npmjs.org/lightningcss-linux-arm64-gnu/-/lightningcss-linux-arm64-gnu-1.32.0.tgz
lightningcss-linux-arm64-musl,1.32.0,MPL-2.0,development,no,sha512-UpQkoenr4UJEzgVIYpI80lDFvRmPVg6oqboNHfoH4CQIfNA+HOrZ7Mo7KZP02dC6LjghPQJeBsvXhJod/wnIBg==,https://registry.npmjs.org/lightningcss-linux-arm64-musl/-/lightningcss-linux-arm64-musl-1.32.0.tgz
lightningcss-linux-x64-gnu,1.32.0,MPL-2.0,development,no,sha512-V7Qr52IhZmdKPVr+Vtw8o+WLsQJYCTd8loIfpDaMRWGUZfBOYEJeyJIkqGIDMZPwPx24pUMfwSxxI8phr/MbOA==,https://registry.npmjs.org/lightningcss-linux-x64-gnu/-/lightningcss-linux-x64-gnu-1.32.0.tgz
lightningcss-linux-x64-musl,1.32.0,MPL-2.0,development,no,sha512-bYcLp+Vb0awsiXg/80uCRezCYHNg1/l3mt0gzHnWV9XP1W5sKa5/TCdGWaR/zBM2PeF/HbsQv/j2URNOiVuxWg==,https://registry.npmjs.org/lightningcss-linux-x64-musl/-/lightningcss-linux-x64-musl-1.32.0.tgz
lightningcss-win32-arm64-msvc,1.32.0,MPL-2.0,development,no,sha512-8SbC8BR40pS6baCM8sbtYDSwEVQd4JlFTOlaD3gWGHfThTcABnNDBda6eTZeqbofalIJhFx0qKzgHJmcPTnGdw==,https://registry.npmjs.org/lightningcss-win32-arm64-msvc/-/lightningcss-win32-arm64-msvc-1.32.0.tgz
lightningcss-win32-x64-msvc,1.32.0,MPL-2.0,development,no,sha512-Amq9B/SoZYdDi1kFrojnoqPLxYhQ4Wo5XiL8EVJrVsB8ARoC1PWW6VGtT0WKCemjy8aC+louJnjS7U18x3b06Q==,https://registry.npmjs.org/lightningcss-win32-x64-msvc/-/lightningcss-win32-x64-msvc-1.32.0.tgz
lilconfig,2.1.0,MIT,development,no,sha512-utWOt/GHzuUxnLKxB6dk81RoOeoNeHgbrXiuGk4yyF5qlRz+iIVWu56E2fqGHFrXz0QNUhLB/8nKqvRH66JKGQ==,https://registry.npmjs.org/lilconfig/-/lilconfig-2.1.0.tgz
locate-character,3.0.0,MIT,development,no,sha512-SW13ws7BjaeJ6p7Q6CO2nchbYEc3X3J6WrmTTDto7yMPqVSZTUyY5Tjbid+Ab8gLnATtygYtiDIJGQRRn2ZOiA==,https://registry.npmjs.org/locate-character/-/locate-character-3.0.0.tgz
locate-path,6.0.0,MIT,development,no,sha512-iPZK6eYjbxRu3uB4/WZ3EsEIMJFMqAoopl3R+zuq0UjcAm/MO6KCweDgPfP3elTztoKP3KtnVHxTn2NHBSDVUw==,https://registry.npmjs.org/locate-path/-/locate-path-6.0.0.tgz
magic-string,0.30.21,MIT,development,no,sha512-vd2F4YUyEXKGcLHoq+TEyCjxueSeHnFxyyjNp80yg0XV4vUhnDer/lvvlqM/arB5bXQN5K2/3oinyCRyx8T2CQ==,https://registry.npmjs.org/magic-string/-/magic-string-0.30.21.tgz
mini-svg-data-uri,1.4.4,MIT,development,no,sha512-r9deDe9p5FJUPZAk3A59wGH7Ii9YrjjWw0jmw/liSbHl2CHiyXj6FcDXDu2K3TjVAXqiJdaw3xxwlZZr9E6nHg==,https://registry.npmjs.org/mini-svg-data-uri/-/mini-svg-data-uri-1.4.4.tgz
minimatch,10.2.4,BlueOak-1.0.0,development,no,sha512-oRjTw/97aTBN0RHbYCdtF1MQfvusSIBQM0IZEgzl6426+8jSC0nF1a/GmnVLpfB9yyr6g6FTqWqiZVbxrtaCIg==,https://registry.npmjs.org/minimatch/-/minimatch-10.2.4.tgz
mri,1.2.0,MIT,development,no,sha512-tzzskb3bG8LvYGFF/mDTpq3jpI6Q9wc3LEmBaghu+DdCssd1FakN7Bc0hVNmEyGq1bq3RgfkCb3cmQLpNPOroA==,https://registry.npmjs.org/mri/-/mri-1.2.0.tgz
mrmime,2.0.1,MIT,development,no,sha512-Y3wQdFg2Va6etvQ5I82yUhGdsKrcYox6p7FfL1LbK2J4V01F9TGlepTIhnK24t7koZibmg82KGglhA1XK5IsLQ==,https://registry.npmjs.org/mrmime/-/mrmime-2.0.1.tgz
ms,2.1.3,MIT,development,no,sha512-6FlzubTLZG3J2a/NVCAleEhjzq5oxgHyaCU9yYXvcLsvoVaHJq/s5xXI6/XXP6tz7R9xAOtHnSO/tXtF3WRTlA==,https://registry.npmjs.org/ms/-/ms-2.1.3.tgz
nanoid,3.3.11,MIT,development,no,sha512-N8SpfPUnUp1bK+PMYW8qSWdl9U+wwNWI4QKxOYDy9JAro3WMX7p2OeVRF9v+347pnakNevPmiHhNmZ2HbFA76w==,https://registry.npmjs.org/nanoid/-/nanoid-3.3.11.tgz
natural-compare,1.4.0,MIT,development,no,sha512-OWND8ei3VtNC9h7V60qff3SVobHr996CTwgxubgyQYEpg290h9J0buyECNNJexkFm5sOajh5G116RYA1c8ZMSw==,https://registry.npmjs.org/natural-compare/-/natural-compare-1.4.0.tgz
obug,2.1.1,MIT,development,no,sha512-uTqF9MuPraAQ+IsnPf366RG4cP9RtUi7MLO1N3KEc+wb0a6yKpeL0lmk2IB1jY5KHPAlTc6T/JRdC/YqxHNwkQ==,https://registry.npmjs.org/obug/-/obug-2.1.1.tgz
optionator,0.9.4,MIT,development,no,sha512-6IpQ7mKUxRcZNLIObR0hz7lxsapSSIYNZJwXPGeF0mTVqGKFIXj1DQcMoT22S3ROcLyY/rz0PWaWZ9ayWmad9g==,https://registry.npmjs.org/optionator/-/optionator-0.9.4.tgz
p-limit,3.1.0,MIT,development,no,sha512-TYOanM3wGwNGsZN2cVTYPArw454xnXj5qmWF1bEoAc4+cU/ol7GVh7odevjp1FNHduHc3KZMcFduxU5Xc6uJRQ==,https://registry.npmjs.org/p-limit/-/p-limit-3.1.0.tgz
p-locate,5.0.0,MIT,development,no,sha512-LaNjtRWUBY++zB5nE/NwcaoMylSPk+S+ZHNB1TzdbMJMny6dynpAGt7X/tl/QYq3TIeE6nxHppbo2LGymrG5Pw==,https://registry.npmjs.org/p-locate/-/p-locate-5.0.0.tgz
path-exists,4.0.0,MIT,development,no,sha512-ak9Qy5Q7jYb2Wwcey5Fpvg2KoAc/ZIhLSLOSBmRmygPsGwkVVt0fZa0qrtMz+m6tJTAHfZQ8FnmB4MG4LWy7/w==,https://registry.npmjs.org/path-exists/-/path-exists-4.0.0.tgz
path-key,3.1.1,MIT,development,no,sha512-ojmeN0qd+y0jszEtoY48r0Peq5dwMEkIlCOu6Q5f41lfkswXuKtYrhgoTpLnyIcHm24Uhqx+5Tqm2InSwLhE6Q==,https://registry.npmjs.org/path-key/-/path-key-3.1.1.tgz
path-parse,1.0.7,MIT,development,no,sha512-LDJzPVEEEPR+y48z93A0Ed0yXb8pAByGWo/k5YYdYgpY2/2EsOsksJrq7lOHxryrVOn1ejG6oAp8ahvOIQD8sw==,https://registry.npmjs.org/path-parse/-/path-parse-1.0.7.tgz
picocolors,1.1.1,ISC,development,no,sha512-xceH2snhtb5M9liqDsmEw56le376mTZkEX/jEb/RxNFyegNul7eNslCXP9FDj/Lcu0X8KEyMceP2ntpaHrDEVA==,https://registry.npmjs.org/picocolors/-/picocolors-1.1.1.tgz
picomatch,4.0.4,MIT,development,no,sha512-QP88BAKvMam/3NxH6vj2o21R6MjxZUAd6nlwAS/pnGvN9IVLocLHxGYIzFhg6fUQ+5th6P4dv4eW9jX3DSIj7A==,https://registry.npmjs.org/picomatch/-/picomatch-4.0.4.tgz
postcss,8.5.8,MIT,development,no,sha512-OW/rX8O/jXnm82Ey1k44pObPtdblfiuWnrd8X7GJ7emImCOstunGbXUpp7HdBrFQX6rJzn3sPT397Wp5aCwCHg==,https://registry.npmjs.org/postcss/-/postcss-8.5.8.tgz
postcss-load-config,3.1.4,MIT,development,no,sha512-6DiM4E7v4coTE4uzA8U//WhtPwyhiim3eyjEMFCnUpzbrkK9wJHgKDT2mR+HbtSrd/NubVaYTOpSpjUl8NQeRg==,https://registry.npmjs.org/postcss-load-config/-/postcss-load-config-3.1.4.tgz
postcss-safe-parser,7.0.1,MIT,development,no,sha512-0AioNCJZ2DPYz5ABT6bddIqlhgwhpHZ/l65YAYo0BCIn0xiDpsnTHz0gnoTGk0OXZW0JRs+cDwL8u/teRdz+8A==,https://registry.npmjs.org/postcss-safe-parser/-/postcss-safe-parser-7.0.1.tgz
postcss-scss,4.0.9,MIT,development,no,sha512-AjKOeiwAitL/MXxQW2DliT28EKukvvbEWx3LBmJIRN8KfBGZbRTxNYW0kSqi1COiTZ57nZ9NW06S6ux//N1c9A==,https://registry.npmjs.org/postcss-scss/-/postcss-scss-4.0.9.tgz
postcss-selector-parser,6.0.10,MIT,development,no,sha512-IQ7TZdoaqbT+LCpShg46jnZVlhWD2w6iQYAcYXfHARZ7X1t/UGhhceQDs5X0cGqKvYlHNOuv7Oa1xmb0oQuA3w==,https://registry.npmjs.org/postcss-selector-parser/-/postcss-selector-parser-6.0.10.tgz
postcss-selector-parser,7.1.1,MIT,development,no,sha512-orRsuYpJVw8LdAwqqLykBj9ecS5/cRHlI5+nvTo8LcCKmzDmqVORXtOIYEEQuL9D4BxtA1lm5isAqzQZCoQ6Eg==,https://registry.npmjs.org/postcss-selector-parser/-/postcss-selector-parser-7.1.1.tgz
prelude-ls,1.2.1,MIT,development,no,sha512-vkcDPrRZo1QZLbn5RLGPpg/WmIQ65qoWWhcGKf/b5eplkkarX0m9z8ppCat4mlOqUsWpyNuYgO3VRyrYHSzX5g==,https://registry.npmjs.org/prelude-ls/-/prelude-ls-1.2.1.tgz
prettier,3.8.1,MIT,development,yes,sha512-UOnG6LftzbdaHZcKoPFtOcCKztrQ57WkHDeRD9t/PTQtmT0NHSeWWepj6pS0z/N7+08BHFDQVUrfmfMRcZwbMg==,https://registry.npmjs.org/prettier/-/prettier-3.8.1.tgz
prettier-plugin-svelte,3.5.1,MIT,development,yes,sha512-65+fr5+cgIKWKiqM1Doum4uX6bY8iFCdztvvp2RcF+AJoieaw9kJOFMNcJo/bkmKYsxFaM9OsVZK/gWauG/5mg==,https://registry.npmjs.org/prettier-plugin-svelte/-/prettier-plugin-svelte-3.5.1.tgz
prettier-plugin-tailwindcss,0.7.2,MIT,development,yes,sha512-LkphyK3Fw+q2HdMOoiEHWf93fNtYJwfamoKPl7UwtjFQdei/iIBoX11G6j706FzN3ymX9mPVi97qIY8328vdnA==,https://registry.npmjs.org/prettier-plugin-tailwindcss/-/prettier-plugin-tailwindcss-0.7.2.tgz
punycode,2.3.1,MIT,development,no,sha512-vYt7UD1U9Wg6138shLtLOvdAu+8DsC/ilFtEVHcH+wydcSpNE20AfSOduf6MkRFahL5FY7X1oU7nKVZFtfq8Fg==,https://registry.npmjs.org/punycode/-/punycode-2.3.1.tgz
readdirp,4.1.2,MIT,development,no,sha512-GDhwkLfywWL2s6vEjyhri+eXmfH6j1L7JE27WhqLeYzoh/A3DBaYGEj2H/HFZCn/kMfim73FXxEJTw06WtxQwg==,https://registry.npmjs.org/readdirp/-/readdirp-4.1.2.tgz
resolve,1.22.12,MIT,development,no,sha512-TyeJ1zif53BPfHootBGwPRYT1RUt6oGWsaQr8UyZW/eAm9bKoijtvruSDEmZHm92CwS9nj7/fWttqPCgzep8CA==,https://registry.npmjs.org/resolve/-/resolve-1.22.12.tgz
resolve-pkg-maps,1.0.0,MIT,development,no,sha512-seS2Tj26TBVOC2NIc2rOe2y2ZO7efxITtLZcGSOnHHNOQ7CkiUBfw0Iw2ck6xkIhPwLhKNLS8BO+hEpngQlqzw==,https://registry.npmjs.org/resolve-pkg-maps/-/resolve-pkg-maps-1.0.0.tgz
rollup,4.60.0,MIT,development,no,sha512-yqjxruMGBQJ2gG4HtjZtAfXArHomazDHoFwFFmZZl0r7Pdo7qCIXKqKHZc8yeoMgzJJ+pO6pEEHa+V7uzWlrAQ==,https://registry.npmjs.org/rollup/-/rollup-4.60.0.tgz
sade,1.8.1,MIT,development,no,sha512-xal3CZX1Xlo/k4ApwCFrHVACi9fBqJ7V+mwhBsuf/1IOKbBy098Fex+Wa/5QMubw09pSZ/u8EY8PWgevJsXp1A==,https://registry.npmjs.org/sade/-/sade-1.8.1.tgz
semver,7.7.4,ISC,development,no,sha512-vFKC2IEtQnVhpT78h1Yp8wzwrf8CM+MzKMHGJZfBtzhZNycRFnXsHk6E5TxIkkMsgNS7mdX3AGB7x2QM2di4lA==,https://registry.npmjs.org/semver/-/semver-7.7.4.tgz
set-cookie-parser,3.1.0,MIT,development,no,sha512-kjnC1DXBHcxaOaOXBHBeRtltsDG2nUiUni+jP92M9gYdW12rsmx92UsfpH7o5tDRs7I1ZZPSQJQGv3UaRfCiuw==,https://registry.npmjs.org/set-cookie-parser/-/set-cookie-parser-3.1.0.tgz
shebang-command,2.0.0,MIT,development,no,sha512-kHxr2zZpYtdmrN1qDjrrX/Z1rR1kG8Dx+gkpK1G4eXmvXswmcE1hTWBWYUzlraYw1/yZp6YuDY77YtvbN0dmDA==,https://registry.npmjs.org/shebang-command/-/shebang-command-2.0.0.tgz
shebang-regex,3.0.0,MIT,development,no,sha512-7++dFhtcx3353uBaq8DDR4NuxBetBzC7ZQOhmTQInHEd6bSrXdiEyzCvG07Z44UYdLShWUyXt5M/yhz8ekcb1A==,https://registry.npmjs.org/shebang-regex/-/shebang-regex-3.0.0.tgz
sirv,3.0.2,MIT,development,no,sha512-2wcC/oGxHis/BoHkkPwldgiPSYcpZK3JU28WoMVv55yHJgcZ8rlXvuG9iZggz+sU1d4bRgIGASwyWqjxu3FM0g==,https://registry.npmjs.org/sirv/-/sirv-3.0.2.tgz
source-map-js,1.2.1,BSD-3-Clause,development,no,sha512-UXWMKhLOwVKb728IUtQPXxfYU+usdybtUrK/8uGE8CQMvrhOpwvzDBwj0QhSL7MQc7vIsISBG8VQ8+IDQxpfQA==,https://registry.npmjs.org/source-map-js/-/source-map-js-1.2.1.tgz
supports-preserve-symlinks-flag,1.0.0,MIT,development,no,sha512-ot0WnXS9fgdkgIcePe6RHNk1WA8+muPa6cSjeR3V8K27q9BB1rTE3R1p7Hv0z1ZyAc8s6Vvv8DIyWf681MAt0w==,https://registry.npmjs.org/supports-preserve-symlinks-flag/-/supports-preserve-symlinks-flag-1.0.0.tgz
svelte,5.55.0,MIT,development,yes,sha512-SThllKq6TRMBwPtat7ASnm/9CDXnIhBR0NPGw0ujn2DVYx9rVwsPZxDaDQcYGdUz/3BYVsCzdq7pZarRQoGvtw==,https://registry.npmjs.org/svelte/-/svelte-5.55.0.tgz
svelte-check,4.4.5,MIT,development,yes,sha512-1bSwIRCvvmSHrlK52fOlZmVtUZgil43jNL/2H18pRpa+eQjzGt6e3zayxhp1S7GajPFKNM/2PMCG+DZFHlG9fw==,https://registry.npmjs.org/svelte-check/-/svelte-check-4.4.5.tgz
svelte-eslint-parser,1.6.0,MIT,development,no,sha512-qoB1ehychT6OxEtQAqc/guSqLS20SlA53Uijl7x375s8nlUT0lb9ol/gzraEEatQwsyPTJo87s2CmKL9Xab+Uw==,https://registry.npmjs.org/svelte-eslint-parser/-/svelte-eslint-parser-1.6.0.tgz
tailwindcss,4.2.2,MIT,development,yes,sha512-KWBIxs1Xb6NoLdMVqhbhgwZf2PGBpPEiwOqgI4pFIYbNTfBXiKYyWoTsXgBQ9WFg/OlhnvHaY+AEpW7wSmFo2Q==,https://registry.npmjs.org/tailwindcss/-/tailwindcss-4.2.2.tgz
tapable,2.3.2,MIT,development,no,sha512-1MOpMXuhGzGL5TTCZFItxCc0AARf1EZFQkGqMm7ERKj8+Hgr5oLvJOVFcC+lRmR8hCe2S3jC4T5D7Vg/d7/fhA==,https://registry.npmjs.org/tapable/-/tapable-2.3.2.tgz
tinyglobby,0.2.15,MIT,development,no,sha512-j2Zq4NyQYG5XMST4cbs02Ak8iJUdxRM0XI5QyxXuZOzKOINmWurp3smXu3y5wDcJrptwpSjgXHzIQxR0omXljQ==,https://registry.npmjs.org/tinyglobby/-/tinyglobby-0.2.15.tgz
totalist,3.0.1,MIT,development,no,sha512-sf4i37nQ2LBx4m3wB74y+ubopq6W/dIzXg0FDGjsYnZHVa1Da8FH853wlL2gtUhg+xJXjfk3kUZS3BRoQeoQBQ==,https://registry.npmjs.org/totalist/-/totalist-3.0.1.tgz
ts-api-utils,2.5.0,MIT,development,no,sha512-OJ/ibxhPlqrMM0UiNHJ/0CKQkoKF243/AEmplt3qpRgkW8VG7IfOS41h7V8TjITqdByHzrjcS/2si+y4lIh8NA==,https://registry.npmjs.org/ts-api-utils/-/ts-api-utils-2.5.0.tgz
tslib,2.8.1,0BSD,development,no,sha512-oJFu94HQb+KVduSUQL7wnpmqnfmLsOA/nAh6b6EH0wCEoK0/mPeXU6c3wKDV83MkOuHPRHtSXKKU99IBazS/2w==,https://registry.npmjs.org/tslib/-/tslib-2.8.1.tgz
tsx,4.21.0,MIT,development,yes,sha512-5C1sg4USs1lfG0GFb2RLXsdpXqBSEhAaA/0kPL01wxzpMqLILNxIxIOKiILz+cdg/pLnOUxFYOR5yhHU666wbw==,https://registry.npmjs.org/tsx/-/tsx-4.21.0.tgz
type-check,0.4.0,MIT,development,no,sha512-XleUoc9uwGXqjWwXaUTZAmzMcFZ5858QA2vvx1Ur5xIcixXIP+8LnFDgRplU30us6teqdlskFfu+ae4K79Ooew==,https://registry.npmjs.org/type-check/-/type-check-0.4.0.tgz
typescript,5.9.3,Apache-2.0,development,yes,sha512-jl1vZzPDinLr9eUt3J/t7V6FgNEw9QjvBPdysz9KfQDD41fQrC2Y4vKQdiaUpFT4bXlb1RHhLpp8wtm6M5TgSw==,https://registry.npmjs.org/typescript/-/typescript-5.9.3.tgz
typescript-eslint,8.57.2,MIT,development,yes,sha512-VEPQ0iPgWO/sBaZOU1xo4nuNdODVOajPnTIbog2GKYr31nIlZ0fWPoCQgGfF3ETyBl1vn63F/p50Um9Z4J8O8A==,https://registry.npmjs.org/typescript-eslint/-/typescript-eslint-8.57.2.tgz
undici-types,7.16.0,MIT,development,no,sha512-Zz+aZWSj8LE6zoxD+xrjh4VfkIG8Ya6LvYkZqtUQGJPZjYl53ypCaUwWqo7eI0x66KBGeRo+mlBEkMSeSZ38Nw==,https://registry.npmjs.org/undici-types/-/undici-types-7.16.0.tgz
uri-js,4.4.1,BSD-2-Clause,development,no,sha512-7rKUyy33Q1yc98pQ1DAmLtwX109F7TIfWlW1Ydo8Wl1ii1SeHieeh0HHfPeL2fMXK6z0s8ecKs9frCuLJvndBg==,https://registry.npmjs.org/uri-js/-/uri-js-4.4.1.tgz
util-deprecate,1.0.2,MIT,development,no,sha512-EPD5q1uXyFxJpCrLnCc1nHnq3gOa6DZBocAIiI2TaSCA7VCJ1UJDMagCzIkXNsUYfD1daK//LTEQ8xiIbrHtcw==,https://registry.npmjs.org/util-deprecate/-/util-deprecate-1.0.2.tgz
vite,7.3.1,MIT,development,yes,sha512-w+N7Hifpc3gRjZ63vYBXA56dvvRlNWRczTdmCBBa+CotUzAPf5b7YMdMR/8CQoeYE5LX3W4wj6RYTgonm1b9DA==,https://registry.npmjs.org/vite/-/vite-7.3.1.tgz
vitefu,1.1.2,MIT,development,no,sha512-zpKATdUbzbsycPFBN71nS2uzBUQiVnFoOrr2rvqv34S1lcAgMKKkjWleLGeiJlZ8lwCXvtWaRn7R3ZC16SYRuw==,https://registry.npmjs.org/vitefu/-/vitefu-1.1.2.tgz
which,2.0.2,ISC,development,no,sha512-BLI3Tl1TW3Pvl70l3yq3Y64i+awpwXqsGBYWkkqMtnbXgrMD+yj7rhW0kuEDxzJaYXGjEW5ogapKNMEKNMjibA==,https://registry.npmjs.org/which/-/which-2.0.2.tgz
word-wrap,1.2.5,MIT,development,no,sha512-BN22B5eaMMI9UMtjrGd5g5eCYPpCPDUy0FJXbYsaT5zYxjFOckS53SQDE3pWkVoWpHXVb3BrYcEN4Twa55B5cA==,https://registry.npmjs.org/word-wrap/-/word-wrap-1.2.5.tgz
yaml,1.10.3,ISC,development,no,sha512-vIYeF1u3CjlhAFekPPAk2h/Kv4T3mAkMox5OymRiJQB0spDP10LHvt+K7G9Ny6NuuMAb25/6n1qyUjAcGNf/AA==,https://registry.npmjs.org/yaml/-/yaml-1.10.3.tgz
yocto-queue,0.1.0,MIT,development,no,sha512-rVksvsnNCdJ/ohGc6xgPwyN8eheCxsiLM8mxuE/t/mOVqJewPuO1miLpTHQiRgTKCLexL4MeAFVagts7HmNZ2Q==,https://registry.npmjs.org/yocto-queue/-/yocto-queue-0.1.0.tgz
zimmerframe,1.1.4,MIT,development,no,sha512-B58NGBEoc8Y9MWWCQGl/gq9xBCe4IiKM0a2x7GZdQKOW5Exr8S1W24J6OgM1njK8xCRGvAJIL/MxXHf6SkmQKQ==,https://registry.npmjs.org/zimmerframe/-/zimmerframe-1.1.4.tgz
